DROP DATABASE IF EXISTS airfec;

CREATE DATABASE airfec;

USE airfec;

CREATE TABLE descriptions (
  id INT NOT NULL AUTO_INCREMENT,
  descriptions TEXT NOT NULL,
  space TEXT NOT NULL,
  access TEXT NOT NULL,
  interactions TEXT NOT NULL,
  notes TEXT,
  reg_number VARCHAR(50) NOT NULL,
  property_type VARCHAR(17) NOT NULL,
  guests DECIMAL(4,2) NOT NULL,
  bedrooms INT NOT NULL,
  bath INT NOT NULL,
  sparkling_clean INT,
  checkin_exp DECIMAL(3,2),
  great_location DECIMAL(3,2),
  PRIMARY KEY (id),
  UNIQUE KEY (reg_number)
);


CREATE TABLE amenities (
  id INT NOT NULL AUTO_INCREMENT,
  amenities VARCHAR(30), 
  PRIMARY KEY (id) 
);

CREATE TABLE house_rules (
  id INT NOT NULL AUTO_INCREMENT, 
  house_rules VARCHAR(50), 
  PRIMARY KEY(id)    
);

CREATE TABLE description_to_amenities (
  description_id INT NOT NULL,
  amenities_id INT NOT NULL,
  FOREIGN KEY (description_id) 
    REFERENCES descriptions (id),
  FOREIGN KEY (amenities_id) 
    REFERENCES amenities (id)
);

CREATE TABLE description_to_house_rules (
  description_id INT NOT NULL,
  house_rules_id INT NOT NULL,
  FOREIGN KEY (description_id)
    REFERENCES descriptions (id), 
  FOREIGN KEY (house_rules_id)
    REFERENCES house_rules (id)
);

INSERT INTO amenities (id, amenities) VALUES 
  (1, 'Wifi'), 
  (2, 'Air Conditioning'), 
  (3, 'Indoor fireplace'), 
  (4, 'Dryer'), 
  (5, 'Washer'), 
  (6, 'Laptop friendly workplace'),
  (7, 'TV'), 
  (8, 'Iron'),
  (9, 'Essentials'), 
  (10, 'Heating'), 
  (11, 'Free parking on premises'),
  (12, 'Elevator'),
  (13, 'Pool'),
  (14, 'Hot tub'),
  (15, 'Gym'),
  (16, 'Kitchen'),
  (17, 'Breakfast'),
  (18, 'Private entrance'),
  (19, 'Hangers'),
  (20, 'Hair Dryer'),
  (21, 'Shampoo'),
  (22, 'First Aid kit'),
  (23, 'Fire extinguisher'),
  (24, 'Carbon monoxide detector'),
  (25, 'Smoke detector');

INSERT INTO house_rules (id, house_rules) VALUES 
  (1, 'Dangerous animals on property'),
  (2, 'Pet(s) live on property'),
  (3, 'Amenity limitations'),
  (4, 'No parking on property'),
  (5, 'Potential for noise'),
  (6, 'Must climb stairs'),
  (7, 'Some spaces are shared'),
  (8, 'Surveillance or recording devices on property'),
  (9, 'Weapons on property'); 

-- --description
INSERT INTO descriptions (id, descriptions, space, access, interactions, notes, reg_number, property_type, guests, bedrooms, bath, sparkling_clean, checkin_exp, great_location) VALUES (1, 'Nam ultrices, libero non mattis pulvinar, nulla pede ullamcorper augue, a suscipit nulla elit ac nulla. Sed vel enim sit amet nunc viverra dapibus. Nulla suscipit ligula in lacus.', 'Aenean lectus. Pellentesque eget nunc. Donec quis orci eget orci vehicula condimentum.', 'Proin leo odio, porttitor id, consequat in, consequat ut, nulla. Sed accumsan felis. Ut at dolor quis odio consequat varius.', 'Quisque porta volutpat erat. Quisque erat eros, viverra eget, congue eget, semper rutrum, nulla. Nunc purus.', 'Proin eu mi. Nulla ac enim. In tempor, turpis nec euismod scelerisque, quam turpis adipiscing lorem, vitae mattis nibh ligula nec sem.', 'wLD2eo8kvZ', 'bed and breakfast', 2, 22, 13, 85, 0.54, 0.12);
INSERT INTO descriptions (id, descriptions, space, access, interactions, notes, reg_number, property_type, guests, bedrooms, bath, sparkling_clean, checkin_exp, great_location) VALUES (2, 'Aenean fermentum. Donec ut mauris eget massa tempor convallis. Nulla neque libero, convallis eget, eleifend luctus, ultricies eu, nibh.', 'Mauris enim leo, rhoncus sed, vestibulum sit amet, cursus id, turpis. Integer aliquet, massa id lobortis convallis, tortor risus dapibus augue, vel accumsan tellus nisi eu orci. Mauris lacinia sapien quis libero.', 'Proin interdum mauris non ligula pellentesque ultrices. Phasellus id sapien in sapien iaculis congue. Vivamus metus arcu, adipiscing molestie, hendrerit at, vulputate vitae, nisl.', 'Etiam vel augue. Vestibulum rutrum rutrum neque. Aenean auctor gravida sem.', 'Morbi porttitor lorem id ligula. Suspendisse ornare consequat lectus. In est risus, auctor sed, tristique in, tempus sit amet, sem.', 'JByMV003l3', 'apartment', 8, 19, 5, 47, 0.21, 0.56);
INSERT INTO descriptions (id, descriptions, space, access, interactions, notes, reg_number, property_type, guests, bedrooms, bath, sparkling_clean, checkin_exp, great_location) VALUES (3, 'Proin leo odio, porttitor id, consequat in, consequat ut, nulla. Sed accumsan felis. Ut at dolor quis odio consequat varius.', 'Maecenas tristique, est et tempus semper, est quam pharetra magna, ac consequat metus sapien ut nunc. Vestibulum ante ipsum primis in faucibus orci luctus et ultrices posuere cubilia Curae; Mauris viverra diam vitae quam. Suspendisse potenti.', 'Proin leo odio, porttitor id, consequat in, consequat ut, nulla. Sed accumsan felis. Ut at dolor quis odio consequat varius.', 'In hac habitasse platea dictumst. Etiam faucibus cursus urna. Ut tellus.', 'Nullam sit amet turpis elementum ligula vehicula consequat. Morbi a ipsum. Integer a nibh.', 'yH35z16Fh', 'bed and breakfast', 43, 18, 39, 44, 0.81, 0.09);
INSERT INTO descriptions (id, descriptions, space, access, interactions, notes, reg_number, property_type, guests, bedrooms, bath, sparkling_clean, checkin_exp, great_location) VALUES (4, 'Aenean fermentum. Donec ut mauris eget massa tempor convallis. Nulla neque libero, convallis eget, eleifend luctus, ultricies eu, nibh.', 'In hac habitasse platea dictumst. Etiam faucibus cursus urna. Ut tellus.', 'Duis aliquam convallis nunc. Proin at turpis a pede posuere nonummy. Integer non velit.', 'Donec diam neque, vestibulum eget, vulputate ut, ultrices vel, augue. Vestibulum ante ipsum primis in faucibus orci luctus et ultrices posuere cubilia Curae; Donec pharetra, magna vestibulum aliquet ultrices, erat tortor sollicitudin mi, sit amet lobortis sapien sapien non mi. Integer ac neque.', 'Nam ultrices, libero non mattis pulvinar, nulla pede ullamcorper augue, a suscipit nulla elit ac nulla. Sed vel enim sit amet nunc viverra dapibus. Nulla suscipit ligula in lacus.', 'dVcM6W', 'unique homes', 27, 10, 35, 42, 0.99, 0.99);
INSERT INTO descriptions (id, descriptions, space, access, interactions, notes, reg_number, property_type, guests, bedrooms, bath, sparkling_clean, checkin_exp, great_location) VALUES (5, 'Nullam porttitor lacus at turpis. Donec posuere metus vitae ipsum. Aliquam non mauris.', 'Duis bibendum, felis sed interdum venenatis, turpis enim blandit mi, in porttitor pede justo eu massa. Donec dapibus. Duis at velit eu est congue elementum.', 'Vestibulum ac est lacinia nisi venenatis tristique. Fusce congue, diam id ornare imperdiet, sapien urna pretium nisl, ut volutpat sapien arcu sed augue. Aliquam erat volutpat.', 'Duis bibendum, felis sed interdum venenatis, turpis enim blandit mi, in porttitor pede justo eu massa. Donec dapibus. Duis at velit eu est congue elementum.', 'Praesent id massa id nisl venenatis lacinia. Aenean sit amet justo. Morbi ut odio.', 'e1Y1lVIDLcW', 'bed and breakfast', 26, 49, 3, 47, 0.08, 0.32);
INSERT INTO descriptions (id, descriptions, space, access, interactions, notes, reg_number, property_type, guests, bedrooms, bath, sparkling_clean, checkin_exp, great_location) VALUES (6, 'Duis bibendum. Morbi non quam nec dui luctus rutrum. Nulla tellus.', 'Cras mi pede, malesuada in, imperdiet et, commodo vulputate, justo. In blandit ultrices enim. Lorem ipsum dolor sit amet, consectetuer adipiscing elit.', 'In hac habitasse platea dictumst. Morbi vestibulum, velit id pretium iaculis, diam erat fermentum justo, nec condimentum neque sapien placerat ante. Nulla justo.', 'Quisque id justo sit amet sapien dignissim vestibulum. Vestibulum ante ipsum primis in faucibus orci luctus et ultrices posuere cubilia Curae; Nulla dapibus dolor vel est. Donec odio justo, sollicitudin ut, suscipit a, feugiat et, eros.', 'Vestibulum ac est lacinia nisi venenatis tristique. Fusce congue, diam id ornare imperdiet, sapien urna pretium nisl, ut volutpat sapien arcu sed augue. Aliquam erat volutpat.', 'BLXaAwd6', 'bed and breakfast', 50, 46, 41, 20, 0.65, 0.46);
INSERT INTO descriptions (id, descriptions, space, access, interactions, notes, reg_number, property_type, guests, bedrooms, bath, sparkling_clean, checkin_exp, great_location) VALUES (7, 'Integer tincidunt ante vel ipsum. Praesent blandit lacinia erat. Vestibulum sed magna at nunc commodo placerat.', 'Proin eu mi. Nulla ac enim. In tempor, turpis nec euismod scelerisque, quam turpis adipiscing lorem, vitae mattis nibh ligula nec sem.', 'Phasellus sit amet erat. Nulla tempus. Vivamus in felis eu sapien cursus vestibulum.', 'Suspendisse potenti. In eleifend quam a odio. In hac habitasse platea dictumst.', 'Mauris enim leo, rhoncus sed, vestibulum sit amet, cursus id, turpis. Integer aliquet, massa id lobortis convallis, tortor risus dapibus augue, vel accumsan tellus nisi eu orci. Mauris lacinia sapien quis libero.', 'sDYUMOgic', 'house', 36, 35, 8, 50, 0.47, 0.56);
INSERT INTO descriptions (id, descriptions, space, access, interactions, notes, reg_number, property_type, guests, bedrooms, bath, sparkling_clean, checkin_exp, great_location) VALUES (8, 'Maecenas leo odio, condimentum id, luctus nec, molestie sed, justo. Pellentesque viverra pede ac diam. Cras pellentesque volutpat dui.', 'Proin eu mi. Nulla ac enim. In tempor, turpis nec euismod scelerisque, quam turpis adipiscing lorem, vitae mattis nibh ligula nec sem.', 'In sagittis dui vel nisl. Duis ac nibh. Fusce lacus purus, aliquet at, feugiat non, pretium quis, lectus.', 'Nullam sit amet turpis elementum ligula vehicula consequat. Morbi a ipsum. Integer a nibh.', 'In quis justo. Maecenas rhoncus aliquam lacus. Morbi quis tortor id nulla ultrices aliquet.', 'lSDVrjPXZk5', 'bed and breakfast', 33, 45, 50, 73, 0.27, 0.2);
INSERT INTO descriptions (id, descriptions, space, access, interactions, notes, reg_number, property_type, guests, bedrooms, bath, sparkling_clean, checkin_exp, great_location) VALUES (9, 'Maecenas tristique, est et tempus semper, est quam pharetra magna, ac consequat metus sapien ut nunc. Vestibulum ante ipsum primis in faucibus orci luctus et ultrices posuere cubilia Curae; Mauris viverra diam vitae quam. Suspendisse potenti.', 'Suspendisse potenti. In eleifend quam a odio. In hac habitasse platea dictumst.', 'Quisque id justo sit amet sapien dignissim vestibulum. Vestibulum ante ipsum primis in faucibus orci luctus et ultrices posuere cubilia Curae; Nulla dapibus dolor vel est. Donec odio justo, sollicitudin ut, suscipit a, feugiat et, eros.', 'Aliquam quis turpis eget elit sodales scelerisque. Mauris sit amet eros. Suspendisse accumsan tortor quis turpis.', 'Vestibulum ac est lacinia nisi venenatis tristique. Fusce congue, diam id ornare imperdiet, sapien urna pretium nisl, ut volutpat sapien arcu sed augue. Aliquam erat volutpat.', 'RZ4GeIX', 'house', 11, 17, 40, 38, 0.72, 0.0);
INSERT INTO descriptions (id, descriptions, space, access, interactions, notes, reg_number, property_type, guests, bedrooms, bath, sparkling_clean, checkin_exp, great_location) VALUES (10, 'Praesent id massa id nisl venenatis lacinia. Aenean sit amet justo. Morbi ut odio.', 'Integer ac leo. Pellentesque ultrices mattis odio. Donec vitae nisi.', 'Suspendisse potenti. In eleifend quam a odio. In hac habitasse platea dictumst.', 'Suspendisse potenti. In eleifend quam a odio. In hac habitasse platea dictumst.', 'Proin interdum mauris non ligula pellentesque ultrices. Phasellus id sapien in sapien iaculis congue. Vivamus metus arcu, adipiscing molestie, hendrerit at, vulputate vitae, nisl.', 'g5YRqY', 'bed and breakfast', 43, 36, 38, 8, 0.94, 0.96);
INSERT INTO descriptions (id, descriptions, space, access, interactions, notes, reg_number, property_type, guests, bedrooms, bath, sparkling_clean, checkin_exp, great_location) VALUES (11, 'Sed sagittis. Nam congue, risus semper porta volutpat, quam pede lobortis ligula, sit amet eleifend pede libero quis orci. Nullam molestie nibh in lectus.', 'Phasellus sit amet erat. Nulla tempus. Vivamus in felis eu sapien cursus vestibulum.', 'Duis consequat dui nec nisi volutpat eleifend. Donec ut dolor. Morbi vel lectus in quam fringilla rhoncus.', 'Nullam sit amet turpis elementum ligula vehicula consequat. Morbi a ipsum. Integer a nibh.', 'In hac habitasse platea dictumst. Morbi vestibulum, velit id pretium iaculis, diam erat fermentum justo, nec condimentum neque sapien placerat ante. Nulla justo.', 'AmqH0Vl', 'house', 42, 48, 34, 30, 0.05, 0.87);
INSERT INTO descriptions (id, descriptions, space, access, interactions, notes, reg_number, property_type, guests, bedrooms, bath, sparkling_clean, checkin_exp, great_location) VALUES (12, 'Phasellus sit amet erat. Nulla tempus. Vivamus in felis eu sapien cursus vestibulum.', 'Nulla ut erat id mauris vulputate elementum. Nullam varius. Nulla facilisi.', 'Morbi porttitor lorem id ligula. Suspendisse ornare consequat lectus. In est risus, auctor sed, tristique in, tempus sit amet, sem.', 'Fusce posuere felis sed lacus. Morbi sem mauris, laoreet ut, rhoncus aliquet, pulvinar sed, nisl. Nunc rhoncus dui vel sem.', 'Sed ante. Vivamus tortor. Duis mattis egestas metus.', 'HMKDo9cZ', 'bed and breakfast', 34, 40, 30, 37, 0.28, 0.61);
INSERT INTO descriptions (id, descriptions, space, access, interactions, notes, reg_number, property_type, guests, bedrooms, bath, sparkling_clean, checkin_exp, great_location) VALUES (13, 'Morbi non lectus. Aliquam sit amet diam in magna bibendum imperdiet. Nullam orci pede, venenatis non, sodales sed, tincidunt eu, felis.', 'Maecenas tristique, est et tempus semper, est quam pharetra magna, ac consequat metus sapien ut nunc. Vestibulum ante ipsum primis in faucibus orci luctus et ultrices posuere cubilia Curae; Mauris viverra diam vitae quam. Suspendisse potenti.', 'Mauris enim leo, rhoncus sed, vestibulum sit amet, cursus id, turpis. Integer aliquet, massa id lobortis convallis, tortor risus dapibus augue, vel accumsan tellus nisi eu orci. Mauris lacinia sapien quis libero.', 'Fusce consequat. Nulla nisl. Nunc nisl.', 'In congue. Etiam justo. Etiam pretium iaculis justo.', 'QQIzGk', 'apartment', 4, 6, 11, 68, 0.79, 0.93);
INSERT INTO descriptions (id, descriptions, space, access, interactions, notes, reg_number, property_type, guests, bedrooms, bath, sparkling_clean, checkin_exp, great_location) VALUES (14, 'Pellentesque at nulla. Suspendisse potenti. Cras in purus eu magna vulputate luctus.', 'Pellentesque at nulla. Suspendisse potenti. Cras in purus eu magna vulputate luctus.', 'Curabitur gravida nisi at nibh. In hac habitasse platea dictumst. Aliquam augue quam, sollicitudin vitae, consectetuer eget, rutrum at, lorem.', 'Nullam porttitor lacus at turpis. Donec posuere metus vitae ipsum. Aliquam non mauris.', 'In hac habitasse platea dictumst. Morbi vestibulum, velit id pretium iaculis, diam erat fermentum justo, nec condimentum neque sapien placerat ante. Nulla justo.', 'QLaY5nra', 'house', 6, 23, 14, 27, 0.82, 0.44);
INSERT INTO descriptions (id, descriptions, space, access, interactions, notes, reg_number, property_type, guests, bedrooms, bath, sparkling_clean, checkin_exp, great_location) VALUES (15, 'Praesent blandit. Nam nulla. Integer pede justo, lacinia eget, tincidunt eget, tempus vel, pede.', 'Aliquam quis turpis eget elit sodales scelerisque. Mauris sit amet eros. Suspendisse accumsan tortor quis turpis.', 'Pellentesque at nulla. Suspendisse potenti. Cras in purus eu magna vulputate luctus.', 'Proin leo odio, porttitor id, consequat in, consequat ut, nulla. Sed accumsan felis. Ut at dolor quis odio consequat varius.', 'Maecenas ut massa quis augue luctus tincidunt. Nulla mollis molestie lorem. Quisque ut erat.', '3ms9uLHTX1', 'house', 37, 48, 14, 49, 0.18, 0.08);
INSERT INTO descriptions (id, descriptions, space, access, interactions, notes, reg_number, property_type, guests, bedrooms, bath, sparkling_clean, checkin_exp, great_location) VALUES (16, 'Cum sociis natoque penatibus et magnis dis parturient montes, nascetur ridiculus mus. Vivamus vestibulum sagittis sapien. Cum sociis natoque penatibus et magnis dis parturient montes, nascetur ridiculus mus.', 'Cras mi pede, malesuada in, imperdiet et, commodo vulputate, justo. In blandit ultrices enim. Lorem ipsum dolor sit amet, consectetuer adipiscing elit.', 'Duis bibendum, felis sed interdum venenatis, turpis enim blandit mi, in porttitor pede justo eu massa. Donec dapibus. Duis at velit eu est congue elementum.', 'Vestibulum ac est lacinia nisi venenatis tristique. Fusce congue, diam id ornare imperdiet, sapien urna pretium nisl, ut volutpat sapien arcu sed augue. Aliquam erat volutpat.', 'Aenean lectus. Pellentesque eget nunc. Donec quis orci eget orci vehicula condimentum.', 'mXIUufD', 'house', 49, 40, 13, 40, 0.8, 0.27);
INSERT INTO descriptions (id, descriptions, space, access, interactions, notes, reg_number, property_type, guests, bedrooms, bath, sparkling_clean, checkin_exp, great_location) VALUES (17, 'In congue. Etiam justo. Etiam pretium iaculis justo.', 'Cras mi pede, malesuada in, imperdiet et, commodo vulputate, justo. In blandit ultrices enim. Lorem ipsum dolor sit amet, consectetuer adipiscing elit.', 'Praesent blandit. Nam nulla. Integer pede justo, lacinia eget, tincidunt eget, tempus vel, pede.', 'Proin eu mi. Nulla ac enim. In tempor, turpis nec euismod scelerisque, quam turpis adipiscing lorem, vitae mattis nibh ligula nec sem.', 'Duis bibendum, felis sed interdum venenatis, turpis enim blandit mi, in porttitor pede justo eu massa. Donec dapibus. Duis at velit eu est congue elementum.', '5N570IHh', 'bed and breakfast', 33, 8, 27, 67, 0.08, 0.47);
INSERT INTO descriptions (id, descriptions, space, access, interactions, notes, reg_number, property_type, guests, bedrooms, bath, sparkling_clean, checkin_exp, great_location) VALUES (18, 'Duis consequat dui nec nisi volutpat eleifend. Donec ut dolor. Morbi vel lectus in quam fringilla rhoncus.', 'Sed ante. Vivamus tortor. Duis mattis egestas metus.', 'Sed sagittis. Nam congue, risus semper porta volutpat, quam pede lobortis ligula, sit amet eleifend pede libero quis orci. Nullam molestie nibh in lectus.', 'Nulla ut erat id mauris vulputate elementum. Nullam varius. Nulla facilisi.', 'Praesent id massa id nisl venenatis lacinia. Aenean sit amet justo. Morbi ut odio.', 'TB4jopyWYPS', 'house', 37, 20, 2, 9, 0.35, 0.97);
INSERT INTO descriptions (id, descriptions, space, access, interactions, notes, reg_number, property_type, guests, bedrooms, bath, sparkling_clean, checkin_exp, great_location) VALUES (19, 'In quis justo. Maecenas rhoncus aliquam lacus. Morbi quis tortor id nulla ultrices aliquet.', 'In hac habitasse platea dictumst. Etiam faucibus cursus urna. Ut tellus.', 'Duis aliquam convallis nunc. Proin at turpis a pede posuere nonummy. Integer non velit.', 'Nam ultrices, libero non mattis pulvinar, nulla pede ullamcorper augue, a suscipit nulla elit ac nulla. Sed vel enim sit amet nunc viverra dapibus. Nulla suscipit ligula in lacus.', 'Integer tincidunt ante vel ipsum. Praesent blandit lacinia erat. Vestibulum sed magna at nunc commodo placerat.', '0YzMaNzhj', 'apartment', 6, 40, 22, 9, 0.22, 0.01);
INSERT INTO descriptions (id, descriptions, space, access, interactions, notes, reg_number, property_type, guests, bedrooms, bath, sparkling_clean, checkin_exp, great_location) VALUES (20, 'Cras mi pede, malesuada in, imperdiet et, commodo vulputate, justo. In blandit ultrices enim. Lorem ipsum dolor sit amet, consectetuer adipiscing elit.', 'Pellentesque at nulla. Suspendisse potenti. Cras in purus eu magna vulputate luctus.', 'Donec diam neque, vestibulum eget, vulputate ut, ultrices vel, augue. Vestibulum ante ipsum primis in faucibus orci luctus et ultrices posuere cubilia Curae; Donec pharetra, magna vestibulum aliquet ultrices, erat tortor sollicitudin mi, sit amet lobortis sapien sapien non mi. Integer ac neque.', 'Praesent blandit. Nam nulla. Integer pede justo, lacinia eget, tincidunt eget, tempus vel, pede.', 'Aliquam quis turpis eget elit sodales scelerisque. Mauris sit amet eros. Suspendisse accumsan tortor quis turpis.', 'h08Iwzn1', 'apartment', 1, 13, 26, 53, 0.8, 0.25);
INSERT INTO descriptions (id, descriptions, space, access, interactions, notes, reg_number, property_type, guests, bedrooms, bath, sparkling_clean, checkin_exp, great_location) VALUES (21, 'In hac habitasse platea dictumst. Morbi vestibulum, velit id pretium iaculis, diam erat fermentum justo, nec condimentum neque sapien placerat ante. Nulla justo.', 'Cras mi pede, malesuada in, imperdiet et, commodo vulputate, justo. In blandit ultrices enim. Lorem ipsum dolor sit amet, consectetuer adipiscing elit.', 'Praesent blandit. Nam nulla. Integer pede justo, lacinia eget, tincidunt eget, tempus vel, pede.', 'Sed ante. Vivamus tortor. Duis mattis egestas metus.', 'Aenean lectus. Pellentesque eget nunc. Donec quis orci eget orci vehicula condimentum.', 'WtVXWZf', 'apartment', 25, 33, 30, 78, 0.62, 0.76);
INSERT INTO descriptions (id, descriptions, space, access, interactions, notes, reg_number, property_type, guests, bedrooms, bath, sparkling_clean, checkin_exp, great_location) VALUES (22, 'Fusce consequat. Nulla nisl. Nunc nisl.', 'Fusce posuere felis sed lacus. Morbi sem mauris, laoreet ut, rhoncus aliquet, pulvinar sed, nisl. Nunc rhoncus dui vel sem.', 'Cras mi pede, malesuada in, imperdiet et, commodo vulputate, justo. In blandit ultrices enim. Lorem ipsum dolor sit amet, consectetuer adipiscing elit.', 'Proin eu mi. Nulla ac enim. In tempor, turpis nec euismod scelerisque, quam turpis adipiscing lorem, vitae mattis nibh ligula nec sem.', 'Integer ac leo. Pellentesque ultrices mattis odio. Donec vitae nisi.', '3nXWQNiOkJW', 'house', 17, 3, 31, 99, 0.47, 0.65);
INSERT INTO descriptions (id, descriptions, space, access, interactions, notes, reg_number, property_type, guests, bedrooms, bath, sparkling_clean, checkin_exp, great_location) VALUES (23, 'In congue. Etiam justo. Etiam pretium iaculis justo.', 'Curabitur gravida nisi at nibh. In hac habitasse platea dictumst. Aliquam augue quam, sollicitudin vitae, consectetuer eget, rutrum at, lorem.', 'Curabitur gravida nisi at nibh. In hac habitasse platea dictumst. Aliquam augue quam, sollicitudin vitae, consectetuer eget, rutrum at, lorem.', 'Proin interdum mauris non ligula pellentesque ultrices. Phasellus id sapien in sapien iaculis congue. Vivamus metus arcu, adipiscing molestie, hendrerit at, vulputate vitae, nisl.', 'Curabitur gravida nisi at nibh. In hac habitasse platea dictumst. Aliquam augue quam, sollicitudin vitae, consectetuer eget, rutrum at, lorem.', 'kxaiFgIU7g', 'house', 19, 15, 14, 11, 0.76, 0.25);
INSERT INTO descriptions (id, descriptions, space, access, interactions, notes, reg_number, property_type, guests, bedrooms, bath, sparkling_clean, checkin_exp, great_location) VALUES (24, 'Proin interdum mauris non ligula pellentesque ultrices. Phasellus id sapien in sapien iaculis congue. Vivamus metus arcu, adipiscing molestie, hendrerit at, vulputate vitae, nisl.', 'Suspendisse potenti. In eleifend quam a odio. In hac habitasse platea dictumst.', 'Fusce consequat. Nulla nisl. Nunc nisl.', 'Aliquam quis turpis eget elit sodales scelerisque. Mauris sit amet eros. Suspendisse accumsan tortor quis turpis.', 'In hac habitasse platea dictumst. Morbi vestibulum, velit id pretium iaculis, diam erat fermentum justo, nec condimentum neque sapien placerat ante. Nulla justo.', 'jl4YJe', 'bed and breakfast', 34, 37, 22, 43, 0.17, 0.54);
INSERT INTO descriptions (id, descriptions, space, access, interactions, notes, reg_number, property_type, guests, bedrooms, bath, sparkling_clean, checkin_exp, great_location) VALUES (25, 'Curabitur at ipsum ac tellus semper interdum. Mauris ullamcorper purus sit amet nulla. Quisque arcu libero, rutrum ac, lobortis vel, dapibus at, diam.', 'Quisque id justo sit amet sapien dignissim vestibulum. Vestibulum ante ipsum primis in faucibus orci luctus et ultrices posuere cubilia Curae; Nulla dapibus dolor vel est. Donec odio justo, sollicitudin ut, suscipit a, feugiat et, eros.', 'In sagittis dui vel nisl. Duis ac nibh. Fusce lacus purus, aliquet at, feugiat non, pretium quis, lectus.', 'Maecenas tristique, est et tempus semper, est quam pharetra magna, ac consequat metus sapien ut nunc. Vestibulum ante ipsum primis in faucibus orci luctus et ultrices posuere cubilia Curae; Mauris viverra diam vitae quam. Suspendisse potenti.', 'In hac habitasse platea dictumst. Morbi vestibulum, velit id pretium iaculis, diam erat fermentum justo, nec condimentum neque sapien placerat ante. Nulla justo.', 'WnINVBua', 'unique homes', 39, 9, 15, 83, 0.2, 0.6);
INSERT INTO descriptions (id, descriptions, space, access, interactions, notes, reg_number, property_type, guests, bedrooms, bath, sparkling_clean, checkin_exp, great_location) VALUES (26, 'Suspendisse potenti. In eleifend quam a odio. In hac habitasse platea dictumst.', 'Cras non velit nec nisi vulputate nonummy. Maecenas tincidunt lacus at velit. Vivamus vel nulla eget eros elementum pellentesque.', 'Maecenas ut massa quis augue luctus tincidunt. Nulla mollis molestie lorem. Quisque ut erat.', 'Morbi non lectus. Aliquam sit amet diam in magna bibendum imperdiet. Nullam orci pede, venenatis non, sodales sed, tincidunt eu, felis.', 'Sed sagittis. Nam congue, risus semper porta volutpat, quam pede lobortis ligula, sit amet eleifend pede libero quis orci. Nullam molestie nibh in lectus.', 'RuovWT', 'bed and breakfast', 48, 9, 20, 76, 0.96, 0.67);
INSERT INTO descriptions (id, descriptions, space, access, interactions, notes, reg_number, property_type, guests, bedrooms, bath, sparkling_clean, checkin_exp, great_location) VALUES (27, 'Pellentesque at nulla. Suspendisse potenti. Cras in purus eu magna vulputate luctus.', 'Phasellus in felis. Donec semper sapien a libero. Nam dui.', 'Nulla ut erat id mauris vulputate elementum. Nullam varius. Nulla facilisi.', 'Cras mi pede, malesuada in, imperdiet et, commodo vulputate, justo. In blandit ultrices enim. Lorem ipsum dolor sit amet, consectetuer adipiscing elit.', 'Curabitur gravida nisi at nibh. In hac habitasse platea dictumst. Aliquam augue quam, sollicitudin vitae, consectetuer eget, rutrum at, lorem.', '7vqTWeuQne', 'apartment', 26, 18, 43, 4, 0.21, 0.89);
INSERT INTO descriptions (id, descriptions, space, access, interactions, notes, reg_number, property_type, guests, bedrooms, bath, sparkling_clean, checkin_exp, great_location) VALUES (28, 'Cras mi pede, malesuada in, imperdiet et, commodo vulputate, justo. In blandit ultrices enim. Lorem ipsum dolor sit amet, consectetuer adipiscing elit.', 'Proin interdum mauris non ligula pellentesque ultrices. Phasellus id sapien in sapien iaculis congue. Vivamus metus arcu, adipiscing molestie, hendrerit at, vulputate vitae, nisl.', 'Etiam vel augue. Vestibulum rutrum rutrum neque. Aenean auctor gravida sem.', 'Quisque id justo sit amet sapien dignissim vestibulum. Vestibulum ante ipsum primis in faucibus orci luctus et ultrices posuere cubilia Curae; Nulla dapibus dolor vel est. Donec odio justo, sollicitudin ut, suscipit a, feugiat et, eros.', 'Integer tincidunt ante vel ipsum. Praesent blandit lacinia erat. Vestibulum sed magna at nunc commodo placerat.', 'zOzaK0oLnB', 'apartment', 29, 29, 46, 37, 0.56, 0.88);
INSERT INTO descriptions (id, descriptions, space, access, interactions, notes, reg_number, property_type, guests, bedrooms, bath, sparkling_clean, checkin_exp, great_location) VALUES (29, 'Proin leo odio, porttitor id, consequat in, consequat ut, nulla. Sed accumsan felis. Ut at dolor quis odio consequat varius.', 'In congue. Etiam justo. Etiam pretium iaculis justo.', 'Maecenas ut massa quis augue luctus tincidunt. Nulla mollis molestie lorem. Quisque ut erat.', 'In congue. Etiam justo. Etiam pretium iaculis justo.', 'Mauris enim leo, rhoncus sed, vestibulum sit amet, cursus id, turpis. Integer aliquet, massa id lobortis convallis, tortor risus dapibus augue, vel accumsan tellus nisi eu orci. Mauris lacinia sapien quis libero.', 'iYKI2m', 'bed and breakfast', 16, 48, 34, 23, 0.15, 0.18);
INSERT INTO descriptions (id, descriptions, space, access, interactions, notes, reg_number, property_type, guests, bedrooms, bath, sparkling_clean, checkin_exp, great_location) VALUES (30, 'Cum sociis natoque penatibus et magnis dis parturient montes, nascetur ridiculus mus. Vivamus vestibulum sagittis sapien. Cum sociis natoque penatibus et magnis dis parturient montes, nascetur ridiculus mus.', 'Fusce posuere felis sed lacus. Morbi sem mauris, laoreet ut, rhoncus aliquet, pulvinar sed, nisl. Nunc rhoncus dui vel sem.', 'Pellentesque at nulla. Suspendisse potenti. Cras in purus eu magna vulputate luctus.', 'Vestibulum quam sapien, varius ut, blandit non, interdum in, ante. Vestibulum ante ipsum primis in faucibus orci luctus et ultrices posuere cubilia Curae; Duis faucibus accumsan odio. Curabitur convallis.', 'Vestibulum quam sapien, varius ut, blandit non, interdum in, ante. Vestibulum ante ipsum primis in faucibus orci luctus et ultrices posuere cubilia Curae; Duis faucibus accumsan odio. Curabitur convallis.', 'hFYzD4Es', 'bed and breakfast', 6, 16, 15, 28, 0.25, 0.28);
INSERT INTO descriptions (id, descriptions, space, access, interactions, notes, reg_number, property_type, guests, bedrooms, bath, sparkling_clean, checkin_exp, great_location) VALUES (31, 'Lorem ipsum dolor sit amet, consectetuer adipiscing elit. Proin risus. Praesent lectus.', 'Proin interdum mauris non ligula pellentesque ultrices. Phasellus id sapien in sapien iaculis congue. Vivamus metus arcu, adipiscing molestie, hendrerit at, vulputate vitae, nisl.', 'Proin leo odio, porttitor id, consequat in, consequat ut, nulla. Sed accumsan felis. Ut at dolor quis odio consequat varius.', 'Morbi porttitor lorem id ligula. Suspendisse ornare consequat lectus. In est risus, auctor sed, tristique in, tempus sit amet, sem.', 'Curabitur gravida nisi at nibh. In hac habitasse platea dictumst. Aliquam augue quam, sollicitudin vitae, consectetuer eget, rutrum at, lorem.', 'kQDMJaW', 'house', 6, 46, 35, 86, 0.39, 0.82);
INSERT INTO descriptions (id, descriptions, space, access, interactions, notes, reg_number, property_type, guests, bedrooms, bath, sparkling_clean, checkin_exp, great_location) VALUES (32, 'Proin leo odio, porttitor id, consequat in, consequat ut, nulla. Sed accumsan felis. Ut at dolor quis odio consequat varius.', 'Morbi non lectus. Aliquam sit amet diam in magna bibendum imperdiet. Nullam orci pede, venenatis non, sodales sed, tincidunt eu, felis.', 'Maecenas tristique, est et tempus semper, est quam pharetra magna, ac consequat metus sapien ut nunc. Vestibulum ante ipsum primis in faucibus orci luctus et ultrices posuere cubilia Curae; Mauris viverra diam vitae quam. Suspendisse potenti.', 'Nullam sit amet turpis elementum ligula vehicula consequat. Morbi a ipsum. Integer a nibh.', 'Lorem ipsum dolor sit amet, consectetuer adipiscing elit. Proin risus. Praesent lectus.', 'I64hkhD', 'unique homes', 15, 30, 16, 44, 0.97, 0.15);
INSERT INTO descriptions (id, descriptions, space, access, interactions, notes, reg_number, property_type, guests, bedrooms, bath, sparkling_clean, checkin_exp, great_location) VALUES (33, 'Vestibulum quam sapien, varius ut, blandit non, interdum in, ante. Vestibulum ante ipsum primis in faucibus orci luctus et ultrices posuere cubilia Curae; Duis faucibus accumsan odio. Curabitur convallis.', 'Vestibulum quam sapien, varius ut, blandit non, interdum in, ante. Vestibulum ante ipsum primis in faucibus orci luctus et ultrices posuere cubilia Curae; Duis faucibus accumsan odio. Curabitur convallis.', 'Curabitur at ipsum ac tellus semper interdum. Mauris ullamcorper purus sit amet nulla. Quisque arcu libero, rutrum ac, lobortis vel, dapibus at, diam.', 'Duis consequat dui nec nisi volutpat eleifend. Donec ut dolor. Morbi vel lectus in quam fringilla rhoncus.', 'Cras mi pede, malesuada in, imperdiet et, commodo vulputate, justo. In blandit ultrices enim. Lorem ipsum dolor sit amet, consectetuer adipiscing elit.', 'gq11RM2A', 'unique homes', 36, 14, 35, 94, 0.46, 0.43);
INSERT INTO descriptions (id, descriptions, space, access, interactions, notes, reg_number, property_type, guests, bedrooms, bath, sparkling_clean, checkin_exp, great_location) VALUES (34, 'Maecenas ut massa quis augue luctus tincidunt. Nulla mollis molestie lorem. Quisque ut erat.', 'Fusce posuere felis sed lacus. Morbi sem mauris, laoreet ut, rhoncus aliquet, pulvinar sed, nisl. Nunc rhoncus dui vel sem.', 'Morbi porttitor lorem id ligula. Suspendisse ornare consequat lectus. In est risus, auctor sed, tristique in, tempus sit amet, sem.', 'Curabitur at ipsum ac tellus semper interdum. Mauris ullamcorper purus sit amet nulla. Quisque arcu libero, rutrum ac, lobortis vel, dapibus at, diam.', 'Sed sagittis. Nam congue, risus semper porta volutpat, quam pede lobortis ligula, sit amet eleifend pede libero quis orci. Nullam molestie nibh in lectus.', 'uvHH9DpUU2f', 'unique homes', 41, 41, 10, 88, 0.86, 0.81);
INSERT INTO descriptions (id, descriptions, space, access, interactions, notes, reg_number, property_type, guests, bedrooms, bath, sparkling_clean, checkin_exp, great_location) VALUES (35, 'Aliquam quis turpis eget elit sodales scelerisque. Mauris sit amet eros. Suspendisse accumsan tortor quis turpis.', 'Suspendisse potenti. In eleifend quam a odio. In hac habitasse platea dictumst.', 'Maecenas leo odio, condimentum id, luctus nec, molestie sed, justo. Pellentesque viverra pede ac diam. Cras pellentesque volutpat dui.', 'Curabitur gravida nisi at nibh. In hac habitasse platea dictumst. Aliquam augue quam, sollicitudin vitae, consectetuer eget, rutrum at, lorem.', 'Cras mi pede, malesuada in, imperdiet et, commodo vulputate, justo. In blandit ultrices enim. Lorem ipsum dolor sit amet, consectetuer adipiscing elit.', 'UrstCa', 'apartment', 30, 45, 25, 11, 0.87, 0.36);
INSERT INTO descriptions (id, descriptions, space, access, interactions, notes, reg_number, property_type, guests, bedrooms, bath, sparkling_clean, checkin_exp, great_location) VALUES (36, 'Nullam porttitor lacus at turpis. Donec posuere metus vitae ipsum. Aliquam non mauris.', 'Cum sociis natoque penatibus et magnis dis parturient montes, nascetur ridiculus mus. Vivamus vestibulum sagittis sapien. Cum sociis natoque penatibus et magnis dis parturient montes, nascetur ridiculus mus.', 'In sagittis dui vel nisl. Duis ac nibh. Fusce lacus purus, aliquet at, feugiat non, pretium quis, lectus.', 'Morbi porttitor lorem id ligula. Suspendisse ornare consequat lectus. In est risus, auctor sed, tristique in, tempus sit amet, sem.', 'Morbi porttitor lorem id ligula. Suspendisse ornare consequat lectus. In est risus, auctor sed, tristique in, tempus sit amet, sem.', 'N1eFkN4whlVQ', 'unique homes', 31, 5, 18, 52, 0.05, 0.6);
INSERT INTO descriptions (id, descriptions, space, access, interactions, notes, reg_number, property_type, guests, bedrooms, bath, sparkling_clean, checkin_exp, great_location) VALUES (37, 'Proin leo odio, porttitor id, consequat in, consequat ut, nulla. Sed accumsan felis. Ut at dolor quis odio consequat varius.', 'Fusce posuere felis sed lacus. Morbi sem mauris, laoreet ut, rhoncus aliquet, pulvinar sed, nisl. Nunc rhoncus dui vel sem.', 'Proin leo odio, porttitor id, consequat in, consequat ut, nulla. Sed accumsan felis. Ut at dolor quis odio consequat varius.', 'Nam ultrices, libero non mattis pulvinar, nulla pede ullamcorper augue, a suscipit nulla elit ac nulla. Sed vel enim sit amet nunc viverra dapibus. Nulla suscipit ligula in lacus.', 'Fusce consequat. Nulla nisl. Nunc nisl.', 'hGhxqXtEyWO', 'unique homes', 42, 6, 14, 51, 0.62, 0.49);
INSERT INTO descriptions (id, descriptions, space, access, interactions, notes, reg_number, property_type, guests, bedrooms, bath, sparkling_clean, checkin_exp, great_location) VALUES (38, 'Cras non velit nec nisi vulputate nonummy. Maecenas tincidunt lacus at velit. Vivamus vel nulla eget eros elementum pellentesque.', 'Sed ante. Vivamus tortor. Duis mattis egestas metus.', 'Curabitur in libero ut massa volutpat convallis. Morbi odio odio, elementum eu, interdum eu, tincidunt in, leo. Maecenas pulvinar lobortis est.', 'In hac habitasse platea dictumst. Etiam faucibus cursus urna. Ut tellus.', 'Duis aliquam convallis nunc. Proin at turpis a pede posuere nonummy. Integer non velit.', 'ueIyoxnXTU', 'apartment', 21, 41, 42, 74, 0.01, 0.43);
INSERT INTO descriptions (id, descriptions, space, access, interactions, notes, reg_number, property_type, guests, bedrooms, bath, sparkling_clean, checkin_exp, great_location) VALUES (39, 'Aenean fermentum. Donec ut mauris eget massa tempor convallis. Nulla neque libero, convallis eget, eleifend luctus, ultricies eu, nibh.', 'Morbi porttitor lorem id ligula. Suspendisse ornare consequat lectus. In est risus, auctor sed, tristique in, tempus sit amet, sem.', 'Phasellus in felis. Donec semper sapien a libero. Nam dui.', 'Morbi non lectus. Aliquam sit amet diam in magna bibendum imperdiet. Nullam orci pede, venenatis non, sodales sed, tincidunt eu, felis.', 'Quisque id justo sit amet sapien dignissim vestibulum. Vestibulum ante ipsum primis in faucibus orci luctus et ultrices posuere cubilia Curae; Nulla dapibus dolor vel est. Donec odio justo, sollicitudin ut, suscipit a, feugiat et, eros.', 'Ml73i3wv', 'unique homes', 32, 41, 47, 53, 0.94, 0.61);
INSERT INTO descriptions (id, descriptions, space, access, interactions, notes, reg_number, property_type, guests, bedrooms, bath, sparkling_clean, checkin_exp, great_location) VALUES (40, 'Praesent id massa id nisl venenatis lacinia. Aenean sit amet justo. Morbi ut odio.', 'Proin leo odio, porttitor id, consequat in, consequat ut, nulla. Sed accumsan felis. Ut at dolor quis odio consequat varius.', 'Proin eu mi. Nulla ac enim. In tempor, turpis nec euismod scelerisque, quam turpis adipiscing lorem, vitae mattis nibh ligula nec sem.', 'Sed ante. Vivamus tortor. Duis mattis egestas metus.', 'Suspendisse potenti. In eleifend quam a odio. In hac habitasse platea dictumst.', 'uU1Gd05', 'unique homes', 11, 20, 45, 32, 0.57, 0.65);
INSERT INTO descriptions (id, descriptions, space, access, interactions, notes, reg_number, property_type, guests, bedrooms, bath, sparkling_clean, checkin_exp, great_location) VALUES (41, 'Maecenas ut massa quis augue luctus tincidunt. Nulla mollis molestie lorem. Quisque ut erat.', 'Vestibulum quam sapien, varius ut, blandit non, interdum in, ante. Vestibulum ante ipsum primis in faucibus orci luctus et ultrices posuere cubilia Curae; Duis faucibus accumsan odio. Curabitur convallis.', 'Curabitur gravida nisi at nibh. In hac habitasse platea dictumst. Aliquam augue quam, sollicitudin vitae, consectetuer eget, rutrum at, lorem.', 'Suspendisse potenti. In eleifend quam a odio. In hac habitasse platea dictumst.', 'Etiam vel augue. Vestibulum rutrum rutrum neque. Aenean auctor gravida sem.', 'Htes1YQIGq', 'house', 3, 31, 15, 28, 0.45, 0.74);
INSERT INTO descriptions (id, descriptions, space, access, interactions, notes, reg_number, property_type, guests, bedrooms, bath, sparkling_clean, checkin_exp, great_location) VALUES (42, 'In quis justo. Maecenas rhoncus aliquam lacus. Morbi quis tortor id nulla ultrices aliquet.', 'Praesent blandit. Nam nulla. Integer pede justo, lacinia eget, tincidunt eget, tempus vel, pede.', 'Morbi porttitor lorem id ligula. Suspendisse ornare consequat lectus. In est risus, auctor sed, tristique in, tempus sit amet, sem.', 'Maecenas leo odio, condimentum id, luctus nec, molestie sed, justo. Pellentesque viverra pede ac diam. Cras pellentesque volutpat dui.', 'Cras non velit nec nisi vulputate nonummy. Maecenas tincidunt lacus at velit. Vivamus vel nulla eget eros elementum pellentesque.', '2fFxr0qs', 'unique homes', 34, 15, 42, 8, 0.62, 0.46);
INSERT INTO descriptions (id, descriptions, space, access, interactions, notes, reg_number, property_type, guests, bedrooms, bath, sparkling_clean, checkin_exp, great_location) VALUES (43, 'Nulla ut erat id mauris vulputate elementum. Nullam varius. Nulla facilisi.', 'Nullam sit amet turpis elementum ligula vehicula consequat. Morbi a ipsum. Integer a nibh.', 'Vestibulum quam sapien, varius ut, blandit non, interdum in, ante. Vestibulum ante ipsum primis in faucibus orci luctus et ultrices posuere cubilia Curae; Duis faucibus accumsan odio. Curabitur convallis.', 'Phasellus sit amet erat. Nulla tempus. Vivamus in felis eu sapien cursus vestibulum.', 'Aenean fermentum. Donec ut mauris eget massa tempor convallis. Nulla neque libero, convallis eget, eleifend luctus, ultricies eu, nibh.', 'AkprJyG1', 'unique homes', 47, 22, 17, 71, 0.09, 0.47);
INSERT INTO descriptions (id, descriptions, space, access, interactions, notes, reg_number, property_type, guests, bedrooms, bath, sparkling_clean, checkin_exp, great_location) VALUES (44, 'Curabitur in libero ut massa volutpat convallis. Morbi odio odio, elementum eu, interdum eu, tincidunt in, leo. Maecenas pulvinar lobortis est.', 'Mauris enim leo, rhoncus sed, vestibulum sit amet, cursus id, turpis. Integer aliquet, massa id lobortis convallis, tortor risus dapibus augue, vel accumsan tellus nisi eu orci. Mauris lacinia sapien quis libero.', 'In hac habitasse platea dictumst. Morbi vestibulum, velit id pretium iaculis, diam erat fermentum justo, nec condimentum neque sapien placerat ante. Nulla justo.', 'Duis consequat dui nec nisi volutpat eleifend. Donec ut dolor. Morbi vel lectus in quam fringilla rhoncus.', 'Integer tincidunt ante vel ipsum. Praesent blandit lacinia erat. Vestibulum sed magna at nunc commodo placerat.', '0muE6Og8O', 'house', 27, 31, 20, 52, 0.55, 0.1);
INSERT INTO descriptions (id, descriptions, space, access, interactions, notes, reg_number, property_type, guests, bedrooms, bath, sparkling_clean, checkin_exp, great_location) VALUES (45, 'Quisque porta volutpat erat. Quisque erat eros, viverra eget, congue eget, semper rutrum, nulla. Nunc purus.', 'Aliquam quis turpis eget elit sodales scelerisque. Mauris sit amet eros. Suspendisse accumsan tortor quis turpis.', 'Morbi porttitor lorem id ligula. Suspendisse ornare consequat lectus. In est risus, auctor sed, tristique in, tempus sit amet, sem.', 'Vestibulum quam sapien, varius ut, blandit non, interdum in, ante. Vestibulum ante ipsum primis in faucibus orci luctus et ultrices posuere cubilia Curae; Duis faucibus accumsan odio. Curabitur convallis.', 'Pellentesque at nulla. Suspendisse potenti. Cras in purus eu magna vulputate luctus.', 'hLYZOpKqesrZ', 'apartment', 24, 4, 5, 64, 0.64, 0.1);
INSERT INTO descriptions (id, descriptions, space, access, interactions, notes, reg_number, property_type, guests, bedrooms, bath, sparkling_clean, checkin_exp, great_location) VALUES (46, 'Phasellus sit amet erat. Nulla tempus. Vivamus in felis eu sapien cursus vestibulum.', 'Duis aliquam convallis nunc. Proin at turpis a pede posuere nonummy. Integer non velit.', 'Sed ante. Vivamus tortor. Duis mattis egestas metus.', 'Morbi non lectus. Aliquam sit amet diam in magna bibendum imperdiet. Nullam orci pede, venenatis non, sodales sed, tincidunt eu, felis.', 'Nulla ut erat id mauris vulputate elementum. Nullam varius. Nulla facilisi.', 'DKAc3gL7pkvF', 'unique homes', 27, 27, 5, 18, 0.69, 0.88);
INSERT INTO descriptions (id, descriptions, space, access, interactions, notes, reg_number, property_type, guests, bedrooms, bath, sparkling_clean, checkin_exp, great_location) VALUES (47, 'In hac habitasse platea dictumst. Etiam faucibus cursus urna. Ut tellus.', 'Phasellus sit amet erat. Nulla tempus. Vivamus in felis eu sapien cursus vestibulum.', 'Duis bibendum. Morbi non quam nec dui luctus rutrum. Nulla tellus.', 'Phasellus sit amet erat. Nulla tempus. Vivamus in felis eu sapien cursus vestibulum.', 'Nullam sit amet turpis elementum ligula vehicula consequat. Morbi a ipsum. Integer a nibh.', 'oIrLpOOCQZ6', 'unique homes', 49, 3, 39, 28, 0.1, 0.23);
INSERT INTO descriptions (id, descriptions, space, access, interactions, notes, reg_number, property_type, guests, bedrooms, bath, sparkling_clean, checkin_exp, great_location) VALUES (48, 'Cras non velit nec nisi vulputate nonummy. Maecenas tincidunt lacus at velit. Vivamus vel nulla eget eros elementum pellentesque.', 'Proin leo odio, porttitor id, consequat in, consequat ut, nulla. Sed accumsan felis. Ut at dolor quis odio consequat varius.', 'Vestibulum ac est lacinia nisi venenatis tristique. Fusce congue, diam id ornare imperdiet, sapien urna pretium nisl, ut volutpat sapien arcu sed augue. Aliquam erat volutpat.', 'Proin leo odio, porttitor id, consequat in, consequat ut, nulla. Sed accumsan felis. Ut at dolor quis odio consequat varius.', 'Quisque id justo sit amet sapien dignissim vestibulum. Vestibulum ante ipsum primis in faucibus orci luctus et ultrices posuere cubilia Curae; Nulla dapibus dolor vel est. Donec odio justo, sollicitudin ut, suscipit a, feugiat et, eros.', 'k1GItFUw', 'unique homes', 40, 48, 12, 86, 0.93, 0.02);
INSERT INTO descriptions (id, descriptions, space, access, interactions, notes, reg_number, property_type, guests, bedrooms, bath, sparkling_clean, checkin_exp, great_location) VALUES (49, 'Curabitur gravida nisi at nibh. In hac habitasse platea dictumst. Aliquam augue quam, sollicitudin vitae, consectetuer eget, rutrum at, lorem.', 'Maecenas leo odio, condimentum id, luctus nec, molestie sed, justo. Pellentesque viverra pede ac diam. Cras pellentesque volutpat dui.', 'Nullam sit amet turpis elementum ligula vehicula consequat. Morbi a ipsum. Integer a nibh.', 'Aenean lectus. Pellentesque eget nunc. Donec quis orci eget orci vehicula condimentum.', 'In congue. Etiam justo. Etiam pretium iaculis justo.', 'pJKRC8D3q', 'bed and breakfast', 4, 13, 26, 88, 0.71, 0.58);
INSERT INTO descriptions (id, descriptions, space, access, interactions, notes, reg_number, property_type, guests, bedrooms, bath, sparkling_clean, checkin_exp, great_location) VALUES (50, 'Proin eu mi. Nulla ac enim. In tempor, turpis nec euismod scelerisque, quam turpis adipiscing lorem, vitae mattis nibh ligula nec sem.', 'Pellentesque at nulla. Suspendisse potenti. Cras in purus eu magna vulputate luctus.', 'Fusce consequat. Nulla nisl. Nunc nisl.', 'Fusce consequat. Nulla nisl. Nunc nisl.', 'Sed ante. Vivamus tortor. Duis mattis egestas metus.', 'Xrrz6K', 'apartment', 12, 11, 4, 37, 0.0, 0.28);
INSERT INTO descriptions (id, descriptions, space, access, interactions, notes, reg_number, property_type, guests, bedrooms, bath, sparkling_clean, checkin_exp, great_location) VALUES (51, 'Vestibulum ac est lacinia nisi venenatis tristique. Fusce congue, diam id ornare imperdiet, sapien urna pretium nisl, ut volutpat sapien arcu sed augue. Aliquam erat volutpat.', 'Fusce consequat. Nulla nisl. Nunc nisl.', 'Morbi porttitor lorem id ligula. Suspendisse ornare consequat lectus. In est risus, auctor sed, tristique in, tempus sit amet, sem.', 'Curabitur gravida nisi at nibh. In hac habitasse platea dictumst. Aliquam augue quam, sollicitudin vitae, consectetuer eget, rutrum at, lorem.', 'Quisque porta volutpat erat. Quisque erat eros, viverra eget, congue eget, semper rutrum, nulla. Nunc purus.', 'ESRi6TUSG', 'unique homes', 45, 4, 38, 10, 0.86, 0.89);
INSERT INTO descriptions (id, descriptions, space, access, interactions, notes, reg_number, property_type, guests, bedrooms, bath, sparkling_clean, checkin_exp, great_location) VALUES (52, 'In hac habitasse platea dictumst. Etiam faucibus cursus urna. Ut tellus.', 'Praesent blandit. Nam nulla. Integer pede justo, lacinia eget, tincidunt eget, tempus vel, pede.', 'Cum sociis natoque penatibus et magnis dis parturient montes, nascetur ridiculus mus. Vivamus vestibulum sagittis sapien. Cum sociis natoque penatibus et magnis dis parturient montes, nascetur ridiculus mus.', 'Morbi non lectus. Aliquam sit amet diam in magna bibendum imperdiet. Nullam orci pede, venenatis non, sodales sed, tincidunt eu, felis.', 'Duis bibendum. Morbi non quam nec dui luctus rutrum. Nulla tellus.', 'KYB5ngyG', 'bed and breakfast', 3, 47, 2, 35, 0.63, 0.84);
INSERT INTO descriptions (id, descriptions, space, access, interactions, notes, reg_number, property_type, guests, bedrooms, bath, sparkling_clean, checkin_exp, great_location) VALUES (53, 'Phasellus sit amet erat. Nulla tempus. Vivamus in felis eu sapien cursus vestibulum.', 'Proin eu mi. Nulla ac enim. In tempor, turpis nec euismod scelerisque, quam turpis adipiscing lorem, vitae mattis nibh ligula nec sem.', 'Proin leo odio, porttitor id, consequat in, consequat ut, nulla. Sed accumsan felis. Ut at dolor quis odio consequat varius.', 'Aenean fermentum. Donec ut mauris eget massa tempor convallis. Nulla neque libero, convallis eget, eleifend luctus, ultricies eu, nibh.', 'Integer ac leo. Pellentesque ultrices mattis odio. Donec vitae nisi.', 'r6eOo8fcdu', 'unique homes', 3, 8, 43, 31, 0.44, 0.82);
INSERT INTO descriptions (id, descriptions, space, access, interactions, notes, reg_number, property_type, guests, bedrooms, bath, sparkling_clean, checkin_exp, great_location) VALUES (54, 'Praesent blandit. Nam nulla. Integer pede justo, lacinia eget, tincidunt eget, tempus vel, pede.', 'Aenean fermentum. Donec ut mauris eget massa tempor convallis. Nulla neque libero, convallis eget, eleifend luctus, ultricies eu, nibh.', 'Duis bibendum. Morbi non quam nec dui luctus rutrum. Nulla tellus.', 'Maecenas ut massa quis augue luctus tincidunt. Nulla mollis molestie lorem. Quisque ut erat.', 'Duis bibendum, felis sed interdum venenatis, turpis enim blandit mi, in porttitor pede justo eu massa. Donec dapibus. Duis at velit eu est congue elementum.', 'MvgkcEWzqOzr', 'house', 31, 3, 17, 91, 0.07, 0.67);
INSERT INTO descriptions (id, descriptions, space, access, interactions, notes, reg_number, property_type, guests, bedrooms, bath, sparkling_clean, checkin_exp, great_location) VALUES (55, 'In hac habitasse platea dictumst. Etiam faucibus cursus urna. Ut tellus.', 'Fusce consequat. Nulla nisl. Nunc nisl.', 'Morbi porttitor lorem id ligula. Suspendisse ornare consequat lectus. In est risus, auctor sed, tristique in, tempus sit amet, sem.', 'Sed ante. Vivamus tortor. Duis mattis egestas metus.', 'Fusce consequat. Nulla nisl. Nunc nisl.', 'sTtxdpD1gQJv', 'house', 16, 29, 26, 48, 0.1, 0.43);
INSERT INTO descriptions (id, descriptions, space, access, interactions, notes, reg_number, property_type, guests, bedrooms, bath, sparkling_clean, checkin_exp, great_location) VALUES (56, 'Etiam vel augue. Vestibulum rutrum rutrum neque. Aenean auctor gravida sem.', 'Phasellus in felis. Donec semper sapien a libero. Nam dui.', 'In hac habitasse platea dictumst. Morbi vestibulum, velit id pretium iaculis, diam erat fermentum justo, nec condimentum neque sapien placerat ante. Nulla justo.', 'Proin leo odio, porttitor id, consequat in, consequat ut, nulla. Sed accumsan felis. Ut at dolor quis odio consequat varius.', 'Morbi porttitor lorem id ligula. Suspendisse ornare consequat lectus. In est risus, auctor sed, tristique in, tempus sit amet, sem.', '9PYL94', 'apartment', 35, 45, 6, 52, 0.62, 0.03);
INSERT INTO descriptions (id, descriptions, space, access, interactions, notes, reg_number, property_type, guests, bedrooms, bath, sparkling_clean, checkin_exp, great_location) VALUES (57, 'Donec diam neque, vestibulum eget, vulputate ut, ultrices vel, augue. Vestibulum ante ipsum primis in faucibus orci luctus et ultrices posuere cubilia Curae; Donec pharetra, magna vestibulum aliquet ultrices, erat tortor sollicitudin mi, sit amet lobortis sapien sapien non mi. Integer ac neque.', 'Phasellus sit amet erat. Nulla tempus. Vivamus in felis eu sapien cursus vestibulum.', 'Fusce consequat. Nulla nisl. Nunc nisl.', 'Pellentesque at nulla. Suspendisse potenti. Cras in purus eu magna vulputate luctus.', 'Integer ac leo. Pellentesque ultrices mattis odio. Donec vitae nisi.', 'wd3ETGvpc', 'house', 21, 30, 14, 56, 0.66, 0.45);
INSERT INTO descriptions (id, descriptions, space, access, interactions, notes, reg_number, property_type, guests, bedrooms, bath, sparkling_clean, checkin_exp, great_location) VALUES (58, 'Phasellus sit amet erat. Nulla tempus. Vivamus in felis eu sapien cursus vestibulum.', 'Phasellus sit amet erat. Nulla tempus. Vivamus in felis eu sapien cursus vestibulum.', 'Maecenas ut massa quis augue luctus tincidunt. Nulla mollis molestie lorem. Quisque ut erat.', 'Proin interdum mauris non ligula pellentesque ultrices. Phasellus id sapien in sapien iaculis congue. Vivamus metus arcu, adipiscing molestie, hendrerit at, vulputate vitae, nisl.', 'Aliquam quis turpis eget elit sodales scelerisque. Mauris sit amet eros. Suspendisse accumsan tortor quis turpis.', 'gSp7oqoIF', 'house', 3, 7, 37, 16, 0.13, 0.31);
INSERT INTO descriptions (id, descriptions, space, access, interactions, notes, reg_number, property_type, guests, bedrooms, bath, sparkling_clean, checkin_exp, great_location) VALUES (59, 'Proin eu mi. Nulla ac enim. In tempor, turpis nec euismod scelerisque, quam turpis adipiscing lorem, vitae mattis nibh ligula nec sem.', 'Sed ante. Vivamus tortor. Duis mattis egestas metus.', 'Suspendisse potenti. In eleifend quam a odio. In hac habitasse platea dictumst.', 'Duis bibendum. Morbi non quam nec dui luctus rutrum. Nulla tellus.', 'Phasellus in felis. Donec semper sapien a libero. Nam dui.', '1oqA2Ve', 'unique homes', 11, 9, 2, 45, 0.75, 0.57);
INSERT INTO descriptions (id, descriptions, space, access, interactions, notes, reg_number, property_type, guests, bedrooms, bath, sparkling_clean, checkin_exp, great_location) VALUES (60, 'Nullam sit amet turpis elementum ligula vehicula consequat. Morbi a ipsum. Integer a nibh.', 'Duis aliquam convallis nunc. Proin at turpis a pede posuere nonummy. Integer non velit.', 'Nam ultrices, libero non mattis pulvinar, nulla pede ullamcorper augue, a suscipit nulla elit ac nulla. Sed vel enim sit amet nunc viverra dapibus. Nulla suscipit ligula in lacus.', 'Fusce consequat. Nulla nisl. Nunc nisl.', 'Proin eu mi. Nulla ac enim. In tempor, turpis nec euismod scelerisque, quam turpis adipiscing lorem, vitae mattis nibh ligula nec sem.', 'rHjH7B9L', 'bed and breakfast', 30, 8, 33, 26, 0.19, 0.55);
INSERT INTO descriptions (id, descriptions, space, access, interactions, notes, reg_number, property_type, guests, bedrooms, bath, sparkling_clean, checkin_exp, great_location) VALUES (61, 'Curabitur gravida nisi at nibh. In hac habitasse platea dictumst. Aliquam augue quam, sollicitudin vitae, consectetuer eget, rutrum at, lorem.', 'Cras non velit nec nisi vulputate nonummy. Maecenas tincidunt lacus at velit. Vivamus vel nulla eget eros elementum pellentesque.', 'Pellentesque at nulla. Suspendisse potenti. Cras in purus eu magna vulputate luctus.', 'Duis bibendum, felis sed interdum venenatis, turpis enim blandit mi, in porttitor pede justo eu massa. Donec dapibus. Duis at velit eu est congue elementum.', 'Etiam vel augue. Vestibulum rutrum rutrum neque. Aenean auctor gravida sem.', 'rz7DFM', 'house', 10, 31, 15, 54, 0.2, 0.44);
INSERT INTO descriptions (id, descriptions, space, access, interactions, notes, reg_number, property_type, guests, bedrooms, bath, sparkling_clean, checkin_exp, great_location) VALUES (62, 'Quisque porta volutpat erat. Quisque erat eros, viverra eget, congue eget, semper rutrum, nulla. Nunc purus.', 'Duis consequat dui nec nisi volutpat eleifend. Donec ut dolor. Morbi vel lectus in quam fringilla rhoncus.', 'Curabitur in libero ut massa volutpat convallis. Morbi odio odio, elementum eu, interdum eu, tincidunt in, leo. Maecenas pulvinar lobortis est.', 'Duis consequat dui nec nisi volutpat eleifend. Donec ut dolor. Morbi vel lectus in quam fringilla rhoncus.', 'Integer ac leo. Pellentesque ultrices mattis odio. Donec vitae nisi.', 'TXzjtiReMxZb', 'house', 22, 4, 47, 90, 0.3, 0.42);
INSERT INTO descriptions (id, descriptions, space, access, interactions, notes, reg_number, property_type, guests, bedrooms, bath, sparkling_clean, checkin_exp, great_location) VALUES (63, 'Phasellus sit amet erat. Nulla tempus. Vivamus in felis eu sapien cursus vestibulum.', 'Lorem ipsum dolor sit amet, consectetuer adipiscing elit. Proin risus. Praesent lectus.', 'Morbi non lectus. Aliquam sit amet diam in magna bibendum imperdiet. Nullam orci pede, venenatis non, sodales sed, tincidunt eu, felis.', 'Nullam sit amet turpis elementum ligula vehicula consequat. Morbi a ipsum. Integer a nibh.', 'Cras mi pede, malesuada in, imperdiet et, commodo vulputate, justo. In blandit ultrices enim. Lorem ipsum dolor sit amet, consectetuer adipiscing elit.', 'FlCvfgEOF', 'bed and breakfast', 5, 18, 48, 87, 0.57, 0.16);
INSERT INTO descriptions (id, descriptions, space, access, interactions, notes, reg_number, property_type, guests, bedrooms, bath, sparkling_clean, checkin_exp, great_location) VALUES (64, 'Proin interdum mauris non ligula pellentesque ultrices. Phasellus id sapien in sapien iaculis congue. Vivamus metus arcu, adipiscing molestie, hendrerit at, vulputate vitae, nisl.', 'Nullam porttitor lacus at turpis. Donec posuere metus vitae ipsum. Aliquam non mauris.', 'Phasellus in felis. Donec semper sapien a libero. Nam dui.', 'In quis justo. Maecenas rhoncus aliquam lacus. Morbi quis tortor id nulla ultrices aliquet.', 'Nam ultrices, libero non mattis pulvinar, nulla pede ullamcorper augue, a suscipit nulla elit ac nulla. Sed vel enim sit amet nunc viverra dapibus. Nulla suscipit ligula in lacus.', 'AQhZDL8Vd8', 'house', 46, 15, 9, 36, 0.26, 0.87);
INSERT INTO descriptions (id, descriptions, space, access, interactions, notes, reg_number, property_type, guests, bedrooms, bath, sparkling_clean, checkin_exp, great_location) VALUES (65, 'Maecenas ut massa quis augue luctus tincidunt. Nulla mollis molestie lorem. Quisque ut erat.', 'In quis justo. Maecenas rhoncus aliquam lacus. Morbi quis tortor id nulla ultrices aliquet.', 'Praesent blandit. Nam nulla. Integer pede justo, lacinia eget, tincidunt eget, tempus vel, pede.', 'Praesent id massa id nisl venenatis lacinia. Aenean sit amet justo. Morbi ut odio.', 'Suspendisse potenti. In eleifend quam a odio. In hac habitasse platea dictumst.', 'czCKM8P', 'unique homes', 14, 3, 37, 48, 0.63, 0.08);
INSERT INTO descriptions (id, descriptions, space, access, interactions, notes, reg_number, property_type, guests, bedrooms, bath, sparkling_clean, checkin_exp, great_location) VALUES (66, 'Fusce consequat. Nulla nisl. Nunc nisl.', 'Vestibulum quam sapien, varius ut, blandit non, interdum in, ante. Vestibulum ante ipsum primis in faucibus orci luctus et ultrices posuere cubilia Curae; Duis faucibus accumsan odio. Curabitur convallis.', 'Vestibulum quam sapien, varius ut, blandit non, interdum in, ante. Vestibulum ante ipsum primis in faucibus orci luctus et ultrices posuere cubilia Curae; Duis faucibus accumsan odio. Curabitur convallis.', 'Curabitur at ipsum ac tellus semper interdum. Mauris ullamcorper purus sit amet nulla. Quisque arcu libero, rutrum ac, lobortis vel, dapibus at, diam.', 'Cras non velit nec nisi vulputate nonummy. Maecenas tincidunt lacus at velit. Vivamus vel nulla eget eros elementum pellentesque.', 'J3JcWd2OgWl', 'house', 15, 26, 7, 28, 0.33, 0.43);
INSERT INTO descriptions (id, descriptions, space, access, interactions, notes, reg_number, property_type, guests, bedrooms, bath, sparkling_clean, checkin_exp, great_location) VALUES (67, 'Morbi non lectus. Aliquam sit amet diam in magna bibendum imperdiet. Nullam orci pede, venenatis non, sodales sed, tincidunt eu, felis.', 'Sed ante. Vivamus tortor. Duis mattis egestas metus.', 'Lorem ipsum dolor sit amet, consectetuer adipiscing elit. Proin risus. Praesent lectus.', 'Fusce consequat. Nulla nisl. Nunc nisl.', 'Suspendisse potenti. In eleifend quam a odio. In hac habitasse platea dictumst.', 'nZ1fI0qU9AQc', 'bed and breakfast', 28, 9, 41, 82, 0.48, 0.64);
INSERT INTO descriptions (id, descriptions, space, access, interactions, notes, reg_number, property_type, guests, bedrooms, bath, sparkling_clean, checkin_exp, great_location) VALUES (68, 'Proin leo odio, porttitor id, consequat in, consequat ut, nulla. Sed accumsan felis. Ut at dolor quis odio consequat varius.', 'Etiam vel augue. Vestibulum rutrum rutrum neque. Aenean auctor gravida sem.', 'Proin leo odio, porttitor id, consequat in, consequat ut, nulla. Sed accumsan felis. Ut at dolor quis odio consequat varius.', 'Duis bibendum, felis sed interdum venenatis, turpis enim blandit mi, in porttitor pede justo eu massa. Donec dapibus. Duis at velit eu est congue elementum.', 'Curabitur gravida nisi at nibh. In hac habitasse platea dictumst. Aliquam augue quam, sollicitudin vitae, consectetuer eget, rutrum at, lorem.', 'sp49yJQw', 'house', 38, 22, 30, 8, 0.85, 0.69);
INSERT INTO descriptions (id, descriptions, space, access, interactions, notes, reg_number, property_type, guests, bedrooms, bath, sparkling_clean, checkin_exp, great_location) VALUES (69, 'Nullam sit amet turpis elementum ligula vehicula consequat. Morbi a ipsum. Integer a nibh.', 'Praesent id massa id nisl venenatis lacinia. Aenean sit amet justo. Morbi ut odio.', 'In quis justo. Maecenas rhoncus aliquam lacus. Morbi quis tortor id nulla ultrices aliquet.', 'Etiam vel augue. Vestibulum rutrum rutrum neque. Aenean auctor gravida sem.', 'Curabitur at ipsum ac tellus semper interdum. Mauris ullamcorper purus sit amet nulla. Quisque arcu libero, rutrum ac, lobortis vel, dapibus at, diam.', 'UMjh1N9H', 'bed and breakfast', 39, 31, 9, 31, 0.74, 0.45);
INSERT INTO descriptions (id, descriptions, space, access, interactions, notes, reg_number, property_type, guests, bedrooms, bath, sparkling_clean, checkin_exp, great_location) VALUES (70, 'Phasellus sit amet erat. Nulla tempus. Vivamus in felis eu sapien cursus vestibulum.', 'Praesent blandit. Nam nulla. Integer pede justo, lacinia eget, tincidunt eget, tempus vel, pede.', 'Suspendisse potenti. In eleifend quam a odio. In hac habitasse platea dictumst.', 'Suspendisse potenti. In eleifend quam a odio. In hac habitasse platea dictumst.', 'Maecenas ut massa quis augue luctus tincidunt. Nulla mollis molestie lorem. Quisque ut erat.', 'pQygdudXfvDc', 'bed and breakfast', 27, 15, 31, 77, 0.89, 0.05);
INSERT INTO descriptions (id, descriptions, space, access, interactions, notes, reg_number, property_type, guests, bedrooms, bath, sparkling_clean, checkin_exp, great_location) VALUES (71, 'Curabitur at ipsum ac tellus semper interdum. Mauris ullamcorper purus sit amet nulla. Quisque arcu libero, rutrum ac, lobortis vel, dapibus at, diam.', 'Curabitur in libero ut massa volutpat convallis. Morbi odio odio, elementum eu, interdum eu, tincidunt in, leo. Maecenas pulvinar lobortis est.', 'In quis justo. Maecenas rhoncus aliquam lacus. Morbi quis tortor id nulla ultrices aliquet.', 'Maecenas tristique, est et tempus semper, est quam pharetra magna, ac consequat metus sapien ut nunc. Vestibulum ante ipsum primis in faucibus orci luctus et ultrices posuere cubilia Curae; Mauris viverra diam vitae quam. Suspendisse potenti.', 'Nullam porttitor lacus at turpis. Donec posuere metus vitae ipsum. Aliquam non mauris.', 'ZtdSkLH', 'unique homes', 2, 24, 3, 15, 0.81, 0.69);
INSERT INTO descriptions (id, descriptions, space, access, interactions, notes, reg_number, property_type, guests, bedrooms, bath, sparkling_clean, checkin_exp, great_location) VALUES (72, 'Quisque id justo sit amet sapien dignissim vestibulum. Vestibulum ante ipsum primis in faucibus orci luctus et ultrices posuere cubilia Curae; Nulla dapibus dolor vel est. Donec odio justo, sollicitudin ut, suscipit a, feugiat et, eros.', 'Fusce posuere felis sed lacus. Morbi sem mauris, laoreet ut, rhoncus aliquet, pulvinar sed, nisl. Nunc rhoncus dui vel sem.', 'In sagittis dui vel nisl. Duis ac nibh. Fusce lacus purus, aliquet at, feugiat non, pretium quis, lectus.', 'Curabitur in libero ut massa volutpat convallis. Morbi odio odio, elementum eu, interdum eu, tincidunt in, leo. Maecenas pulvinar lobortis est.', 'Proin leo odio, porttitor id, consequat in, consequat ut, nulla. Sed accumsan felis. Ut at dolor quis odio consequat varius.', 'aIoFnSgBme', 'apartment', 15, 21, 6, 69, 0.81, 0.89);
INSERT INTO descriptions (id, descriptions, space, access, interactions, notes, reg_number, property_type, guests, bedrooms, bath, sparkling_clean, checkin_exp, great_location) VALUES (73, 'Cras mi pede, malesuada in, imperdiet et, commodo vulputate, justo. In blandit ultrices enim. Lorem ipsum dolor sit amet, consectetuer adipiscing elit.', 'Nullam porttitor lacus at turpis. Donec posuere metus vitae ipsum. Aliquam non mauris.', 'Maecenas tristique, est et tempus semper, est quam pharetra magna, ac consequat metus sapien ut nunc. Vestibulum ante ipsum primis in faucibus orci luctus et ultrices posuere cubilia Curae; Mauris viverra diam vitae quam. Suspendisse potenti.', 'Duis consequat dui nec nisi volutpat eleifend. Donec ut dolor. Morbi vel lectus in quam fringilla rhoncus.', 'Maecenas ut massa quis augue luctus tincidunt. Nulla mollis molestie lorem. Quisque ut erat.', 'gxBbOC6WzcQZ', 'house', 21, 31, 27, 60, 0.08, 0.42);
INSERT INTO descriptions (id, descriptions, space, access, interactions, notes, reg_number, property_type, guests, bedrooms, bath, sparkling_clean, checkin_exp, great_location) VALUES (74, 'Aliquam quis turpis eget elit sodales scelerisque. Mauris sit amet eros. Suspendisse accumsan tortor quis turpis.', 'Praesent blandit. Nam nulla. Integer pede justo, lacinia eget, tincidunt eget, tempus vel, pede.', 'Donec diam neque, vestibulum eget, vulputate ut, ultrices vel, augue. Vestibulum ante ipsum primis in faucibus orci luctus et ultrices posuere cubilia Curae; Donec pharetra, magna vestibulum aliquet ultrices, erat tortor sollicitudin mi, sit amet lobortis sapien sapien non mi. Integer ac neque.', 'Vestibulum quam sapien, varius ut, blandit non, interdum in, ante. Vestibulum ante ipsum primis in faucibus orci luctus et ultrices posuere cubilia Curae; Duis faucibus accumsan odio. Curabitur convallis.', 'Phasellus in felis. Donec semper sapien a libero. Nam dui.', 'mka9ZMRJS', 'apartment', 36, 27, 24, 62, 0.47, 0.8);
INSERT INTO descriptions (id, descriptions, space, access, interactions, notes, reg_number, property_type, guests, bedrooms, bath, sparkling_clean, checkin_exp, great_location) VALUES (75, 'Sed sagittis. Nam congue, risus semper porta volutpat, quam pede lobortis ligula, sit amet eleifend pede libero quis orci. Nullam molestie nibh in lectus.', 'Duis consequat dui nec nisi volutpat eleifend. Donec ut dolor. Morbi vel lectus in quam fringilla rhoncus.', 'Integer ac leo. Pellentesque ultrices mattis odio. Donec vitae nisi.', 'Duis consequat dui nec nisi volutpat eleifend. Donec ut dolor. Morbi vel lectus in quam fringilla rhoncus.', 'Nam ultrices, libero non mattis pulvinar, nulla pede ullamcorper augue, a suscipit nulla elit ac nulla. Sed vel enim sit amet nunc viverra dapibus. Nulla suscipit ligula in lacus.', '81Sxye', 'unique homes', 29, 14, 45, 75, 0.38, 0.24);
INSERT INTO descriptions (id, descriptions, space, access, interactions, notes, reg_number, property_type, guests, bedrooms, bath, sparkling_clean, checkin_exp, great_location) VALUES (76, 'Maecenas tristique, est et tempus semper, est quam pharetra magna, ac consequat metus sapien ut nunc. Vestibulum ante ipsum primis in faucibus orci luctus et ultrices posuere cubilia Curae; Mauris viverra diam vitae quam. Suspendisse potenti.', 'Morbi porttitor lorem id ligula. Suspendisse ornare consequat lectus. In est risus, auctor sed, tristique in, tempus sit amet, sem.', 'Phasellus in felis. Donec semper sapien a libero. Nam dui.', 'Nam ultrices, libero non mattis pulvinar, nulla pede ullamcorper augue, a suscipit nulla elit ac nulla. Sed vel enim sit amet nunc viverra dapibus. Nulla suscipit ligula in lacus.', 'Proin interdum mauris non ligula pellentesque ultrices. Phasellus id sapien in sapien iaculis congue. Vivamus metus arcu, adipiscing molestie, hendrerit at, vulputate vitae, nisl.', 'TJaA86zjw', 'house', 12, 4, 46, 67, 0.92, 0.12);
INSERT INTO descriptions (id, descriptions, space, access, interactions, notes, reg_number, property_type, guests, bedrooms, bath, sparkling_clean, checkin_exp, great_location) VALUES (77, 'Curabitur in libero ut massa volutpat convallis. Morbi odio odio, elementum eu, interdum eu, tincidunt in, leo. Maecenas pulvinar lobortis est.', 'Aliquam quis turpis eget elit sodales scelerisque. Mauris sit amet eros. Suspendisse accumsan tortor quis turpis.', 'Nullam porttitor lacus at turpis. Donec posuere metus vitae ipsum. Aliquam non mauris.', 'Quisque porta volutpat erat. Quisque erat eros, viverra eget, congue eget, semper rutrum, nulla. Nunc purus.', 'Nullam porttitor lacus at turpis. Donec posuere metus vitae ipsum. Aliquam non mauris.', 'GcrvUvb', 'bed and breakfast', 10, 1, 34, 97, 0.43, 0.64);
INSERT INTO descriptions (id, descriptions, space, access, interactions, notes, reg_number, property_type, guests, bedrooms, bath, sparkling_clean, checkin_exp, great_location) VALUES (78, 'Curabitur at ipsum ac tellus semper interdum. Mauris ullamcorper purus sit amet nulla. Quisque arcu libero, rutrum ac, lobortis vel, dapibus at, diam.', 'Maecenas leo odio, condimentum id, luctus nec, molestie sed, justo. Pellentesque viverra pede ac diam. Cras pellentesque volutpat dui.', 'Curabitur at ipsum ac tellus semper interdum. Mauris ullamcorper purus sit amet nulla. Quisque arcu libero, rutrum ac, lobortis vel, dapibus at, diam.', 'Nulla ut erat id mauris vulputate elementum. Nullam varius. Nulla facilisi.', 'Vestibulum ac est lacinia nisi venenatis tristique. Fusce congue, diam id ornare imperdiet, sapien urna pretium nisl, ut volutpat sapien arcu sed augue. Aliquam erat volutpat.', 'kJ0KD4lL7qfj', 'bed and breakfast', 25, 25, 48, 59, 0.72, 0.23);
INSERT INTO descriptions (id, descriptions, space, access, interactions, notes, reg_number, property_type, guests, bedrooms, bath, sparkling_clean, checkin_exp, great_location) VALUES (79, 'Praesent blandit. Nam nulla. Integer pede justo, lacinia eget, tincidunt eget, tempus vel, pede.', 'Pellentesque at nulla. Suspendisse potenti. Cras in purus eu magna vulputate luctus.', 'Aenean lectus. Pellentesque eget nunc. Donec quis orci eget orci vehicula condimentum.', 'Duis consequat dui nec nisi volutpat eleifend. Donec ut dolor. Morbi vel lectus in quam fringilla rhoncus.', 'Fusce consequat. Nulla nisl. Nunc nisl.', 'Ibjn8oXp', 'apartment', 40, 50, 7, 91, 0.72, 0.37);
INSERT INTO descriptions (id, descriptions, space, access, interactions, notes, reg_number, property_type, guests, bedrooms, bath, sparkling_clean, checkin_exp, great_location) VALUES (80, 'Sed sagittis. Nam congue, risus semper porta volutpat, quam pede lobortis ligula, sit amet eleifend pede libero quis orci. Nullam molestie nibh in lectus.', 'Praesent id massa id nisl venenatis lacinia. Aenean sit amet justo. Morbi ut odio.', 'Suspendisse potenti. In eleifend quam a odio. In hac habitasse platea dictumst.', 'Fusce posuere felis sed lacus. Morbi sem mauris, laoreet ut, rhoncus aliquet, pulvinar sed, nisl. Nunc rhoncus dui vel sem.', 'Proin eu mi. Nulla ac enim. In tempor, turpis nec euismod scelerisque, quam turpis adipiscing lorem, vitae mattis nibh ligula nec sem.', 'LzDkHn', 'apartment', 50, 6, 7, 57, 0.25, 0.55);
INSERT INTO descriptions (id, descriptions, space, access, interactions, notes, reg_number, property_type, guests, bedrooms, bath, sparkling_clean, checkin_exp, great_location) VALUES (81, 'Integer tincidunt ante vel ipsum. Praesent blandit lacinia erat. Vestibulum sed magna at nunc commodo placerat.', 'Quisque id justo sit amet sapien dignissim vestibulum. Vestibulum ante ipsum primis in faucibus orci luctus et ultrices posuere cubilia Curae; Nulla dapibus dolor vel est. Donec odio justo, sollicitudin ut, suscipit a, feugiat et, eros.', 'Integer ac leo. Pellentesque ultrices mattis odio. Donec vitae nisi.', 'Phasellus in felis. Donec semper sapien a libero. Nam dui.', 'Maecenas ut massa quis augue luctus tincidunt. Nulla mollis molestie lorem. Quisque ut erat.', 'Lzcdz6oQdho5', 'house', 48, 45, 28, 13, 0.52, 0.61);
INSERT INTO descriptions (id, descriptions, space, access, interactions, notes, reg_number, property_type, guests, bedrooms, bath, sparkling_clean, checkin_exp, great_location) VALUES (82, 'Fusce posuere felis sed lacus. Morbi sem mauris, laoreet ut, rhoncus aliquet, pulvinar sed, nisl. Nunc rhoncus dui vel sem.', 'Curabitur in libero ut massa volutpat convallis. Morbi odio odio, elementum eu, interdum eu, tincidunt in, leo. Maecenas pulvinar lobortis est.', 'Praesent id massa id nisl venenatis lacinia. Aenean sit amet justo. Morbi ut odio.', 'Cras mi pede, malesuada in, imperdiet et, commodo vulputate, justo. In blandit ultrices enim. Lorem ipsum dolor sit amet, consectetuer adipiscing elit.', 'Nullam sit amet turpis elementum ligula vehicula consequat. Morbi a ipsum. Integer a nibh.', 'sryvK7M', 'house', 29, 23, 49, 82, 0.75, 0.32);
INSERT INTO descriptions (id, descriptions, space, access, interactions, notes, reg_number, property_type, guests, bedrooms, bath, sparkling_clean, checkin_exp, great_location) VALUES (83, 'Aenean lectus. Pellentesque eget nunc. Donec quis orci eget orci vehicula condimentum.', 'Nullam sit amet turpis elementum ligula vehicula consequat. Morbi a ipsum. Integer a nibh.', 'In hac habitasse platea dictumst. Morbi vestibulum, velit id pretium iaculis, diam erat fermentum justo, nec condimentum neque sapien placerat ante. Nulla justo.', 'Aenean lectus. Pellentesque eget nunc. Donec quis orci eget orci vehicula condimentum.', 'Proin interdum mauris non ligula pellentesque ultrices. Phasellus id sapien in sapien iaculis congue. Vivamus metus arcu, adipiscing molestie, hendrerit at, vulputate vitae, nisl.', 'sW6aPDM', 'apartment', 3, 38, 23, 41, 0.43, 0.55);
INSERT INTO descriptions (id, descriptions, space, access, interactions, notes, reg_number, property_type, guests, bedrooms, bath, sparkling_clean, checkin_exp, great_location) VALUES (84, 'In hac habitasse platea dictumst. Morbi vestibulum, velit id pretium iaculis, diam erat fermentum justo, nec condimentum neque sapien placerat ante. Nulla justo.', 'Vestibulum quam sapien, varius ut, blandit non, interdum in, ante. Vestibulum ante ipsum primis in faucibus orci luctus et ultrices posuere cubilia Curae; Duis faucibus accumsan odio. Curabitur convallis.', 'Vestibulum ac est lacinia nisi venenatis tristique. Fusce congue, diam id ornare imperdiet, sapien urna pretium nisl, ut volutpat sapien arcu sed augue. Aliquam erat volutpat.', 'Etiam vel augue. Vestibulum rutrum rutrum neque. Aenean auctor gravida sem.', 'Phasellus sit amet erat. Nulla tempus. Vivamus in felis eu sapien cursus vestibulum.', 'XkraAz3Naq', 'unique homes', 23, 21, 37, 11, 0.74, 0.47);
INSERT INTO descriptions (id, descriptions, space, access, interactions, notes, reg_number, property_type, guests, bedrooms, bath, sparkling_clean, checkin_exp, great_location) VALUES (85, 'Maecenas leo odio, condimentum id, luctus nec, molestie sed, justo. Pellentesque viverra pede ac diam. Cras pellentesque volutpat dui.', 'Proin interdum mauris non ligula pellentesque ultrices. Phasellus id sapien in sapien iaculis congue. Vivamus metus arcu, adipiscing molestie, hendrerit at, vulputate vitae, nisl.', 'In sagittis dui vel nisl. Duis ac nibh. Fusce lacus purus, aliquet at, feugiat non, pretium quis, lectus.', 'Donec diam neque, vestibulum eget, vulputate ut, ultrices vel, augue. Vestibulum ante ipsum primis in faucibus orci luctus et ultrices posuere cubilia Curae; Donec pharetra, magna vestibulum aliquet ultrices, erat tortor sollicitudin mi, sit amet lobortis sapien sapien non mi. Integer ac neque.', 'Nulla ut erat id mauris vulputate elementum. Nullam varius. Nulla facilisi.', 'V9yQObac9', 'bed and breakfast', 6, 16, 35, 39, 0.62, 0.77);
INSERT INTO descriptions (id, descriptions, space, access, interactions, notes, reg_number, property_type, guests, bedrooms, bath, sparkling_clean, checkin_exp, great_location) VALUES (86, 'Maecenas tristique, est et tempus semper, est quam pharetra magna, ac consequat metus sapien ut nunc. Vestibulum ante ipsum primis in faucibus orci luctus et ultrices posuere cubilia Curae; Mauris viverra diam vitae quam. Suspendisse potenti.', 'Curabitur gravida nisi at nibh. In hac habitasse platea dictumst. Aliquam augue quam, sollicitudin vitae, consectetuer eget, rutrum at, lorem.', 'Duis consequat dui nec nisi volutpat eleifend. Donec ut dolor. Morbi vel lectus in quam fringilla rhoncus.', 'Phasellus in felis. Donec semper sapien a libero. Nam dui.', 'Phasellus in felis. Donec semper sapien a libero. Nam dui.', '4D67ARIZ', 'house', 3, 11, 24, 88, 0.1, 0.48);
INSERT INTO descriptions (id, descriptions, space, access, interactions, notes, reg_number, property_type, guests, bedrooms, bath, sparkling_clean, checkin_exp, great_location) VALUES (87, 'Aenean lectus. Pellentesque eget nunc. Donec quis orci eget orci vehicula condimentum.', 'Quisque porta volutpat erat. Quisque erat eros, viverra eget, congue eget, semper rutrum, nulla. Nunc purus.', 'In quis justo. Maecenas rhoncus aliquam lacus. Morbi quis tortor id nulla ultrices aliquet.', 'Maecenas ut massa quis augue luctus tincidunt. Nulla mollis molestie lorem. Quisque ut erat.', 'Curabitur at ipsum ac tellus semper interdum. Mauris ullamcorper purus sit amet nulla. Quisque arcu libero, rutrum ac, lobortis vel, dapibus at, diam.', 'ttf0Jh', 'bed and breakfast', 4, 16, 11, 2, 0.05, 0.14);
INSERT INTO descriptions (id, descriptions, space, access, interactions, notes, reg_number, property_type, guests, bedrooms, bath, sparkling_clean, checkin_exp, great_location) VALUES (88, 'Vestibulum quam sapien, varius ut, blandit non, interdum in, ante. Vestibulum ante ipsum primis in faucibus orci luctus et ultrices posuere cubilia Curae; Duis faucibus accumsan odio. Curabitur convallis.', 'Curabitur at ipsum ac tellus semper interdum. Mauris ullamcorper purus sit amet nulla. Quisque arcu libero, rutrum ac, lobortis vel, dapibus at, diam.', 'Curabitur gravida nisi at nibh. In hac habitasse platea dictumst. Aliquam augue quam, sollicitudin vitae, consectetuer eget, rutrum at, lorem.', 'Integer tincidunt ante vel ipsum. Praesent blandit lacinia erat. Vestibulum sed magna at nunc commodo placerat.', 'Etiam vel augue. Vestibulum rutrum rutrum neque. Aenean auctor gravida sem.', 'PQN3fkD', 'bed and breakfast', 48, 2, 41, 100, 0.94, 0.75);
INSERT INTO descriptions (id, descriptions, space, access, interactions, notes, reg_number, property_type, guests, bedrooms, bath, sparkling_clean, checkin_exp, great_location) VALUES (89, 'Cras non velit nec nisi vulputate nonummy. Maecenas tincidunt lacus at velit. Vivamus vel nulla eget eros elementum pellentesque.', 'Maecenas leo odio, condimentum id, luctus nec, molestie sed, justo. Pellentesque viverra pede ac diam. Cras pellentesque volutpat dui.', 'Nullam sit amet turpis elementum ligula vehicula consequat. Morbi a ipsum. Integer a nibh.', 'Curabitur in libero ut massa volutpat convallis. Morbi odio odio, elementum eu, interdum eu, tincidunt in, leo. Maecenas pulvinar lobortis est.', 'Morbi porttitor lorem id ligula. Suspendisse ornare consequat lectus. In est risus, auctor sed, tristique in, tempus sit amet, sem.', 'w45yidg5PS', 'apartment', 45, 35, 24, 59, 0.6, 0.91);
INSERT INTO descriptions (id, descriptions, space, access, interactions, notes, reg_number, property_type, guests, bedrooms, bath, sparkling_clean, checkin_exp, great_location) VALUES (90, 'Nullam sit amet turpis elementum ligula vehicula consequat. Morbi a ipsum. Integer a nibh.', 'Nullam porttitor lacus at turpis. Donec posuere metus vitae ipsum. Aliquam non mauris.', 'Vestibulum ac est lacinia nisi venenatis tristique. Fusce congue, diam id ornare imperdiet, sapien urna pretium nisl, ut volutpat sapien arcu sed augue. Aliquam erat volutpat.', 'Phasellus sit amet erat. Nulla tempus. Vivamus in felis eu sapien cursus vestibulum.', 'Duis bibendum, felis sed interdum venenatis, turpis enim blandit mi, in porttitor pede justo eu massa. Donec dapibus. Duis at velit eu est congue elementum.', '9uKe2FEC9PX', 'house', 39, 15, 29, 39, 0.9, 0.4);
INSERT INTO descriptions (id, descriptions, space, access, interactions, notes, reg_number, property_type, guests, bedrooms, bath, sparkling_clean, checkin_exp, great_location) VALUES (91, 'Donec diam neque, vestibulum eget, vulputate ut, ultrices vel, augue. Vestibulum ante ipsum primis in faucibus orci luctus et ultrices posuere cubilia Curae; Donec pharetra, magna vestibulum aliquet ultrices, erat tortor sollicitudin mi, sit amet lobortis sapien sapien non mi. Integer ac neque.', 'Curabitur in libero ut massa volutpat convallis. Morbi odio odio, elementum eu, interdum eu, tincidunt in, leo. Maecenas pulvinar lobortis est.', 'In hac habitasse platea dictumst. Etiam faucibus cursus urna. Ut tellus.', 'Nullam porttitor lacus at turpis. Donec posuere metus vitae ipsum. Aliquam non mauris.', 'Integer ac leo. Pellentesque ultrices mattis odio. Donec vitae nisi.', 'zUGVOIwEE', 'unique homes', 24, 10, 33, 26, 0.71, 0.83);
INSERT INTO descriptions (id, descriptions, space, access, interactions, notes, reg_number, property_type, guests, bedrooms, bath, sparkling_clean, checkin_exp, great_location) VALUES (92, 'In hac habitasse platea dictumst. Morbi vestibulum, velit id pretium iaculis, diam erat fermentum justo, nec condimentum neque sapien placerat ante. Nulla justo.', 'Duis bibendum, felis sed interdum venenatis, turpis enim blandit mi, in porttitor pede justo eu massa. Donec dapibus. Duis at velit eu est congue elementum.', 'Curabitur gravida nisi at nibh. In hac habitasse platea dictumst. Aliquam augue quam, sollicitudin vitae, consectetuer eget, rutrum at, lorem.', 'Donec diam neque, vestibulum eget, vulputate ut, ultrices vel, augue. Vestibulum ante ipsum primis in faucibus orci luctus et ultrices posuere cubilia Curae; Donec pharetra, magna vestibulum aliquet ultrices, erat tortor sollicitudin mi, sit amet lobortis sapien sapien non mi. Integer ac neque.', 'Duis bibendum, felis sed interdum venenatis, turpis enim blandit mi, in porttitor pede justo eu massa. Donec dapibus. Duis at velit eu est congue elementum.', '5GUha3', 'unique homes', 0, 50, 32, 58, 0.06, 0.56);
INSERT INTO descriptions (id, descriptions, space, access, interactions, notes, reg_number, property_type, guests, bedrooms, bath, sparkling_clean, checkin_exp, great_location) VALUES (93, 'Praesent id massa id nisl venenatis lacinia. Aenean sit amet justo. Morbi ut odio.', 'In hac habitasse platea dictumst. Etiam faucibus cursus urna. Ut tellus.', 'Aliquam quis turpis eget elit sodales scelerisque. Mauris sit amet eros. Suspendisse accumsan tortor quis turpis.', 'Cras non velit nec nisi vulputate nonummy. Maecenas tincidunt lacus at velit. Vivamus vel nulla eget eros elementum pellentesque.', 'Curabitur in libero ut massa volutpat convallis. Morbi odio odio, elementum eu, interdum eu, tincidunt in, leo. Maecenas pulvinar lobortis est.', '9LaPEXz9q', 'unique homes', 27, 18, 41, 74, 0.5, 0.17);
INSERT INTO descriptions (id, descriptions, space, access, interactions, notes, reg_number, property_type, guests, bedrooms, bath, sparkling_clean, checkin_exp, great_location) VALUES (94, 'Fusce posuere felis sed lacus. Morbi sem mauris, laoreet ut, rhoncus aliquet, pulvinar sed, nisl. Nunc rhoncus dui vel sem.', 'Etiam vel augue. Vestibulum rutrum rutrum neque. Aenean auctor gravida sem.', 'Vestibulum quam sapien, varius ut, blandit non, interdum in, ante. Vestibulum ante ipsum primis in faucibus orci luctus et ultrices posuere cubilia Curae; Duis faucibus accumsan odio. Curabitur convallis.', 'Proin eu mi. Nulla ac enim. In tempor, turpis nec euismod scelerisque, quam turpis adipiscing lorem, vitae mattis nibh ligula nec sem.', 'Nullam sit amet turpis elementum ligula vehicula consequat. Morbi a ipsum. Integer a nibh.', 'wvIW20pbWqGK', 'apartment', 50, 48, 50, 6, 0.69, 0.9);
INSERT INTO descriptions (id, descriptions, space, access, interactions, notes, reg_number, property_type, guests, bedrooms, bath, sparkling_clean, checkin_exp, great_location) VALUES (95, 'Cras mi pede, malesuada in, imperdiet et, commodo vulputate, justo. In blandit ultrices enim. Lorem ipsum dolor sit amet, consectetuer adipiscing elit.', 'Integer ac leo. Pellentesque ultrices mattis odio. Donec vitae nisi.', 'Phasellus in felis. Donec semper sapien a libero. Nam dui.', 'Aenean fermentum. Donec ut mauris eget massa tempor convallis. Nulla neque libero, convallis eget, eleifend luctus, ultricies eu, nibh.', 'Integer ac leo. Pellentesque ultrices mattis odio. Donec vitae nisi.', 'f6MdUd', 'unique homes', 17, 14, 7, 84, 0.16, 0.79);
INSERT INTO descriptions (id, descriptions, space, access, interactions, notes, reg_number, property_type, guests, bedrooms, bath, sparkling_clean, checkin_exp, great_location) VALUES (96, 'Quisque id justo sit amet sapien dignissim vestibulum. Vestibulum ante ipsum primis in faucibus orci luctus et ultrices posuere cubilia Curae; Nulla dapibus dolor vel est. Donec odio justo, sollicitudin ut, suscipit a, feugiat et, eros.', 'Maecenas leo odio, condimentum id, luctus nec, molestie sed, justo. Pellentesque viverra pede ac diam. Cras pellentesque volutpat dui.', 'Phasellus sit amet erat. Nulla tempus. Vivamus in felis eu sapien cursus vestibulum.', 'Sed ante. Vivamus tortor. Duis mattis egestas metus.', 'Integer tincidunt ante vel ipsum. Praesent blandit lacinia erat. Vestibulum sed magna at nunc commodo placerat.', 'z8SiE4r0', 'unique homes', 5, 17, 12, 25, 0.1, 0.77);
INSERT INTO descriptions (id, descriptions, space, access, interactions, notes, reg_number, property_type, guests, bedrooms, bath, sparkling_clean, checkin_exp, great_location) VALUES (97, 'In quis justo. Maecenas rhoncus aliquam lacus. Morbi quis tortor id nulla ultrices aliquet.', 'Proin interdum mauris non ligula pellentesque ultrices. Phasellus id sapien in sapien iaculis congue. Vivamus metus arcu, adipiscing molestie, hendrerit at, vulputate vitae, nisl.', 'Nullam porttitor lacus at turpis. Donec posuere metus vitae ipsum. Aliquam non mauris.', 'Fusce posuere felis sed lacus. Morbi sem mauris, laoreet ut, rhoncus aliquet, pulvinar sed, nisl. Nunc rhoncus dui vel sem.', 'Maecenas ut massa quis augue luctus tincidunt. Nulla mollis molestie lorem. Quisque ut erat.', 'AaS07x', 'house', 4, 2, 18, 30, 0.06, 0.69);
INSERT INTO descriptions (id, descriptions, space, access, interactions, notes, reg_number, property_type, guests, bedrooms, bath, sparkling_clean, checkin_exp, great_location) VALUES (98, 'Donec diam neque, vestibulum eget, vulputate ut, ultrices vel, augue. Vestibulum ante ipsum primis in faucibus orci luctus et ultrices posuere cubilia Curae; Donec pharetra, magna vestibulum aliquet ultrices, erat tortor sollicitudin mi, sit amet lobortis sapien sapien non mi. Integer ac neque.', 'Aliquam quis turpis eget elit sodales scelerisque. Mauris sit amet eros. Suspendisse accumsan tortor quis turpis.', 'Nullam sit amet turpis elementum ligula vehicula consequat. Morbi a ipsum. Integer a nibh.', 'Aenean lectus. Pellentesque eget nunc. Donec quis orci eget orci vehicula condimentum.', 'Donec diam neque, vestibulum eget, vulputate ut, ultrices vel, augue. Vestibulum ante ipsum primis in faucibus orci luctus et ultrices posuere cubilia Curae; Donec pharetra, magna vestibulum aliquet ultrices, erat tortor sollicitudin mi, sit amet lobortis sapien sapien non mi. Integer ac neque.', 'XhRY9JBR', 'unique homes', 50, 41, 37, 71, 0.78, 0.99);
INSERT INTO descriptions (id, descriptions, space, access, interactions, notes, reg_number, property_type, guests, bedrooms, bath, sparkling_clean, checkin_exp, great_location) VALUES (99, 'Curabitur gravida nisi at nibh. In hac habitasse platea dictumst. Aliquam augue quam, sollicitudin vitae, consectetuer eget, rutrum at, lorem.', 'Duis bibendum. Morbi non quam nec dui luctus rutrum. Nulla tellus.', 'Nulla ut erat id mauris vulputate elementum. Nullam varius. Nulla facilisi.', 'Aenean lectus. Pellentesque eget nunc. Donec quis orci eget orci vehicula condimentum.', 'Curabitur gravida nisi at nibh. In hac habitasse platea dictumst. Aliquam augue quam, sollicitudin vitae, consectetuer eget, rutrum at, lorem.', 'F88cxTuJFmN', 'apartment', 1, 18, 28, 59, 0.95, 0.18);
INSERT INTO descriptions (id, descriptions, space, access, interactions, notes, reg_number, property_type, guests, bedrooms, bath, sparkling_clean, checkin_exp, great_location) VALUES (100, 'Aenean lectus. Pellentesque eget nunc. Donec quis orci eget orci vehicula condimentum.', 'Duis aliquam convallis nunc. Proin at turpis a pede posuere nonummy. Integer non velit.', 'Sed ante. Vivamus tortor. Duis mattis egestas metus.', 'Curabitur at ipsum ac tellus semper interdum. Mauris ullamcorper purus sit amet nulla. Quisque arcu libero, rutrum ac, lobortis vel, dapibus at, diam.', 'Praesent id massa id nisl venenatis lacinia. Aenean sit amet justo. Morbi ut odio.', 'Lfa6QpCIKnnT', 'unique homes', 37, 43, 40, 18, 0.61, 0.06);
-- description_to_amenities
INSERT INTO description_to_amenities (description_id, amenities_id) VALUES (17, 9);
INSERT INTO description_to_amenities (description_id, amenities_id) VALUES (88, 25);
INSERT INTO description_to_amenities (description_id, amenities_id) VALUES (96, 8);
INSERT INTO description_to_amenities (description_id, amenities_id) VALUES (96, 25);
INSERT INTO description_to_amenities (description_id, amenities_id) VALUES (70, 4);
INSERT INTO description_to_amenities (description_id, amenities_id) VALUES (22, 5);
INSERT INTO description_to_amenities (description_id, amenities_id) VALUES (27, 24);
INSERT INTO description_to_amenities (description_id, amenities_id) VALUES (45, 23);
INSERT INTO description_to_amenities (description_id, amenities_id) VALUES (51, 8);
INSERT INTO description_to_amenities (description_id, amenities_id) VALUES (76, 11);
INSERT INTO description_to_amenities (description_id, amenities_id) VALUES (29, 5);
INSERT INTO description_to_amenities (description_id, amenities_id) VALUES (51, 11);
INSERT INTO description_to_amenities (description_id, amenities_id) VALUES (83, 16);
INSERT INTO description_to_amenities (description_id, amenities_id) VALUES (76, 16);
INSERT INTO description_to_amenities (description_id, amenities_id) VALUES (23, 16);
INSERT INTO description_to_amenities (description_id, amenities_id) VALUES (89, 14);
INSERT INTO description_to_amenities (description_id, amenities_id) VALUES (48, 12);
INSERT INTO description_to_amenities (description_id, amenities_id) VALUES (70, 10);
INSERT INTO description_to_amenities (description_id, amenities_id) VALUES (37, 3);
INSERT INTO description_to_amenities (description_id, amenities_id) VALUES (81, 16);
INSERT INTO description_to_amenities (description_id, amenities_id) VALUES (47, 2);
INSERT INTO description_to_amenities (description_id, amenities_id) VALUES (21, 17);
INSERT INTO description_to_amenities (description_id, amenities_id) VALUES (12, 20);
INSERT INTO description_to_amenities (description_id, amenities_id) VALUES (61, 16);
INSERT INTO description_to_amenities (description_id, amenities_id) VALUES (76, 24);
INSERT INTO description_to_amenities (description_id, amenities_id) VALUES (8, 13);
INSERT INTO description_to_amenities (description_id, amenities_id) VALUES (42, 25);
INSERT INTO description_to_amenities (description_id, amenities_id) VALUES (35, 10);
INSERT INTO description_to_amenities (description_id, amenities_id) VALUES (24, 7);
INSERT INTO description_to_amenities (description_id, amenities_id) VALUES (28, 5);
INSERT INTO description_to_amenities (description_id, amenities_id) VALUES (37, 23);
INSERT INTO description_to_amenities (description_id, amenities_id) VALUES (92, 3);
INSERT INTO description_to_amenities (description_id, amenities_id) VALUES (38, 15);
INSERT INTO description_to_amenities (description_id, amenities_id) VALUES (39, 22);
INSERT INTO description_to_amenities (description_id, amenities_id) VALUES (34, 22);
INSERT INTO description_to_amenities (description_id, amenities_id) VALUES (81, 18);
INSERT INTO description_to_amenities (description_id, amenities_id) VALUES (84, 25);
INSERT INTO description_to_amenities (description_id, amenities_id) VALUES (23, 14);
INSERT INTO description_to_amenities (description_id, amenities_id) VALUES (99, 5);
INSERT INTO description_to_amenities (description_id, amenities_id) VALUES (25, 12);
INSERT INTO description_to_amenities (description_id, amenities_id) VALUES (77, 12);
INSERT INTO description_to_amenities (description_id, amenities_id) VALUES (12, 14);
INSERT INTO description_to_amenities (description_id, amenities_id) VALUES (49, 2);
INSERT INTO description_to_amenities (description_id, amenities_id) VALUES (96, 7);
INSERT INTO description_to_amenities (description_id, amenities_id) VALUES (2, 22);
INSERT INTO description_to_amenities (description_id, amenities_id) VALUES (35, 12);
INSERT INTO description_to_amenities (description_id, amenities_id) VALUES (61, 19);
INSERT INTO description_to_amenities (description_id, amenities_id) VALUES (78, 1);
INSERT INTO description_to_amenities (description_id, amenities_id) VALUES (82, 23);
INSERT INTO description_to_amenities (description_id, amenities_id) VALUES (42, 19);
INSERT INTO description_to_amenities (description_id, amenities_id) VALUES (9, 20);
INSERT INTO description_to_amenities (description_id, amenities_id) VALUES (68, 13);
INSERT INTO description_to_amenities (description_id, amenities_id) VALUES (10, 18);
INSERT INTO description_to_amenities (description_id, amenities_id) VALUES (50, 6);
INSERT INTO description_to_amenities (description_id, amenities_id) VALUES (25, 17);
INSERT INTO description_to_amenities (description_id, amenities_id) VALUES (6, 14);
INSERT INTO description_to_amenities (description_id, amenities_id) VALUES (43, 19);
INSERT INTO description_to_amenities (description_id, amenities_id) VALUES (44, 4);
INSERT INTO description_to_amenities (description_id, amenities_id) VALUES (5, 19);
INSERT INTO description_to_amenities (description_id, amenities_id) VALUES (22, 12);
INSERT INTO description_to_amenities (description_id, amenities_id) VALUES (64, 19);
INSERT INTO description_to_amenities (description_id, amenities_id) VALUES (73, 3);
INSERT INTO description_to_amenities (description_id, amenities_id) VALUES (11, 14);
INSERT INTO description_to_amenities (description_id, amenities_id) VALUES (77, 13);
INSERT INTO description_to_amenities (description_id, amenities_id) VALUES (36, 5);
INSERT INTO description_to_amenities (description_id, amenities_id) VALUES (50, 11);
INSERT INTO description_to_amenities (description_id, amenities_id) VALUES (44, 2);
INSERT INTO description_to_amenities (description_id, amenities_id) VALUES (89, 15);
INSERT INTO description_to_amenities (description_id, amenities_id) VALUES (34, 7);
INSERT INTO description_to_amenities (description_id, amenities_id) VALUES (78, 24);
INSERT INTO description_to_amenities (description_id, amenities_id) VALUES (3, 24);
INSERT INTO description_to_amenities (description_id, amenities_id) VALUES (82, 7);
INSERT INTO description_to_amenities (description_id, amenities_id) VALUES (53, 11);
INSERT INTO description_to_amenities (description_id, amenities_id) VALUES (29, 2);
INSERT INTO description_to_amenities (description_id, amenities_id) VALUES (81, 23);
INSERT INTO description_to_amenities (description_id, amenities_id) VALUES (91, 11);
INSERT INTO description_to_amenities (description_id, amenities_id) VALUES (10, 25);
INSERT INTO description_to_amenities (description_id, amenities_id) VALUES (88, 16);
INSERT INTO description_to_amenities (description_id, amenities_id) VALUES (35, 10);
INSERT INTO description_to_amenities (description_id, amenities_id) VALUES (5, 21);
INSERT INTO description_to_amenities (description_id, amenities_id) VALUES (27, 14);
INSERT INTO description_to_amenities (description_id, amenities_id) VALUES (40, 24);
INSERT INTO description_to_amenities (description_id, amenities_id) VALUES (99, 3);
INSERT INTO description_to_amenities (description_id, amenities_id) VALUES (65, 2);
INSERT INTO description_to_amenities (description_id, amenities_id) VALUES (59, 21);
INSERT INTO description_to_amenities (description_id, amenities_id) VALUES (77, 20);
INSERT INTO description_to_amenities (description_id, amenities_id) VALUES (83, 21);
INSERT INTO description_to_amenities (description_id, amenities_id) VALUES (73, 20);
INSERT INTO description_to_amenities (description_id, amenities_id) VALUES (64, 7);
INSERT INTO description_to_amenities (description_id, amenities_id) VALUES (43, 22);
INSERT INTO description_to_amenities (description_id, amenities_id) VALUES (100, 9);
INSERT INTO description_to_amenities (description_id, amenities_id) VALUES (49, 25);
INSERT INTO description_to_amenities (description_id, amenities_id) VALUES (67, 25);
INSERT INTO description_to_amenities (description_id, amenities_id) VALUES (6, 11);
INSERT INTO description_to_amenities (description_id, amenities_id) VALUES (7, 15);
INSERT INTO description_to_amenities (description_id, amenities_id) VALUES (48, 23);
INSERT INTO description_to_amenities (description_id, amenities_id) VALUES (58, 23);
INSERT INTO description_to_amenities (description_id, amenities_id) VALUES (99, 19);
INSERT INTO description_to_amenities (description_id, amenities_id) VALUES (55, 22);
INSERT INTO description_to_amenities (description_id, amenities_id) VALUES (24, 25);

-- description_to_rules
INSERT INTO description_to_house_rules (description_id, house_rules_id) VALUES (52, 1);
INSERT INTO description_to_house_rules (description_id, house_rules_id) VALUES (28, 7);
INSERT INTO description_to_house_rules (description_id, house_rules_id) VALUES (99, 6);
INSERT INTO description_to_house_rules (description_id, house_rules_id) VALUES (21, 5);
INSERT INTO description_to_house_rules (description_id, house_rules_id) VALUES (66, 5);
INSERT INTO description_to_house_rules (description_id, house_rules_id) VALUES (57, 2);
INSERT INTO description_to_house_rules (description_id, house_rules_id) VALUES (81, 4);
INSERT INTO description_to_house_rules (description_id, house_rules_id) VALUES (34, 1);
INSERT INTO description_to_house_rules (description_id, house_rules_id) VALUES (70, 7);
INSERT INTO description_to_house_rules (description_id, house_rules_id) VALUES (74, 4);
INSERT INTO description_to_house_rules (description_id, house_rules_id) VALUES (70, 8);
INSERT INTO description_to_house_rules (description_id, house_rules_id) VALUES (67, 7);
INSERT INTO description_to_house_rules (description_id, house_rules_id) VALUES (74, 8);
INSERT INTO description_to_house_rules (description_id, house_rules_id) VALUES (33, 2);
INSERT INTO description_to_house_rules (description_id, house_rules_id) VALUES (70, 9);
INSERT INTO description_to_house_rules (description_id, house_rules_id) VALUES (89, 8);
INSERT INTO description_to_house_rules (description_id, house_rules_id) VALUES (76, 3);
INSERT INTO description_to_house_rules (description_id, house_rules_id) VALUES (84, 1);
INSERT INTO description_to_house_rules (description_id, house_rules_id) VALUES (66, 3);
INSERT INTO description_to_house_rules (description_id, house_rules_id) VALUES (20, 1);
INSERT INTO description_to_house_rules (description_id, house_rules_id) VALUES (30, 4);
INSERT INTO description_to_house_rules (description_id, house_rules_id) VALUES (65, 7);
INSERT INTO description_to_house_rules (description_id, house_rules_id) VALUES (75, 3);
INSERT INTO description_to_house_rules (description_id, house_rules_id) VALUES (96, 3);
INSERT INTO description_to_house_rules (description_id, house_rules_id) VALUES (74, 5);
INSERT INTO description_to_house_rules (description_id, house_rules_id) VALUES (70, 7);
INSERT INTO description_to_house_rules (description_id, house_rules_id) VALUES (91, 4);
INSERT INTO description_to_house_rules (description_id, house_rules_id) VALUES (64, 8);
INSERT INTO description_to_house_rules (description_id, house_rules_id) VALUES (58, 5);
INSERT INTO description_to_house_rules (description_id, house_rules_id) VALUES (54, 5);
INSERT INTO description_to_house_rules (description_id, house_rules_id) VALUES (55, 1);
INSERT INTO description_to_house_rules (description_id, house_rules_id) VALUES (15, 1);
INSERT INTO description_to_house_rules (description_id, house_rules_id) VALUES (83, 4);
INSERT INTO description_to_house_rules (description_id, house_rules_id) VALUES (55, 9);
INSERT INTO description_to_house_rules (description_id, house_rules_id) VALUES (53, 1);
INSERT INTO description_to_house_rules (description_id, house_rules_id) VALUES (40, 6);
INSERT INTO description_to_house_rules (description_id, house_rules_id) VALUES (97, 2);
INSERT INTO description_to_house_rules (description_id, house_rules_id) VALUES (70, 5);
INSERT INTO description_to_house_rules (description_id, house_rules_id) VALUES (53, 2);
INSERT INTO description_to_house_rules (description_id, house_rules_id) VALUES (13, 3);
INSERT INTO description_to_house_rules (description_id, house_rules_id) VALUES (87, 7);
INSERT INTO description_to_house_rules (description_id, house_rules_id) VALUES (67, 8);
INSERT INTO description_to_house_rules (description_id, house_rules_id) VALUES (3, 1);
INSERT INTO description_to_house_rules (description_id, house_rules_id) VALUES (91, 1);
INSERT INTO description_to_house_rules (description_id, house_rules_id) VALUES (72, 9);
INSERT INTO description_to_house_rules (description_id, house_rules_id) VALUES (11, 4);
INSERT INTO description_to_house_rules (description_id, house_rules_id) VALUES (39, 8);
INSERT INTO description_to_house_rules (description_id, house_rules_id) VALUES (49, 7);
INSERT INTO description_to_house_rules (description_id, house_rules_id) VALUES (52, 1);
INSERT INTO description_to_house_rules (description_id, house_rules_id) VALUES (53, 8);
INSERT INTO description_to_house_rules (description_id, house_rules_id) VALUES (87, 8);
INSERT INTO description_to_house_rules (description_id, house_rules_id) VALUES (1, 9);
INSERT INTO description_to_house_rules (description_id, house_rules_id) VALUES (40, 3);
INSERT INTO description_to_house_rules (description_id, house_rules_id) VALUES (11, 5);
INSERT INTO description_to_house_rules (description_id, house_rules_id) VALUES (57, 7);
INSERT INTO description_to_house_rules (description_id, house_rules_id) VALUES (2, 4);
INSERT INTO description_to_house_rules (description_id, house_rules_id) VALUES (74, 6);
INSERT INTO description_to_house_rules (description_id, house_rules_id) VALUES (24, 3);
INSERT INTO description_to_house_rules (description_id, house_rules_id) VALUES (43, 8);
INSERT INTO description_to_house_rules (description_id, house_rules_id) VALUES (13, 1);
INSERT INTO description_to_house_rules (description_id, house_rules_id) VALUES (84, 2);
INSERT INTO description_to_house_rules (description_id, house_rules_id) VALUES (62, 9);
INSERT INTO description_to_house_rules (description_id, house_rules_id) VALUES (38, 7);
INSERT INTO description_to_house_rules (description_id, house_rules_id) VALUES (10, 5);
INSERT INTO description_to_house_rules (description_id, house_rules_id) VALUES (74, 4);
INSERT INTO description_to_house_rules (description_id, house_rules_id) VALUES (2, 5);
INSERT INTO description_to_house_rules (description_id, house_rules_id) VALUES (1, 4);
INSERT INTO description_to_house_rules (description_id, house_rules_id) VALUES (78, 3);
INSERT INTO description_to_house_rules (description_id, house_rules_id) VALUES (50, 6);
INSERT INTO description_to_house_rules (description_id, house_rules_id) VALUES (85, 9);
INSERT INTO description_to_house_rules (description_id, house_rules_id) VALUES (15, 6);
INSERT INTO description_to_house_rules (description_id, house_rules_id) VALUES (28, 9);
INSERT INTO description_to_house_rules (description_id, house_rules_id) VALUES (29, 4);
INSERT INTO description_to_house_rules (description_id, house_rules_id) VALUES (25, 2);
INSERT INTO description_to_house_rules (description_id, house_rules_id) VALUES (99, 1);
INSERT INTO description_to_house_rules (description_id, house_rules_id) VALUES (84, 7);
INSERT INTO description_to_house_rules (description_id, house_rules_id) VALUES (89, 4);
INSERT INTO description_to_house_rules (description_id, house_rules_id) VALUES (62, 8);
INSERT INTO description_to_house_rules (description_id, house_rules_id) VALUES (90, 1);
INSERT INTO description_to_house_rules (description_id, house_rules_id) VALUES (17, 4);
INSERT INTO description_to_house_rules (description_id, house_rules_id) VALUES (43, 9);
INSERT INTO description_to_house_rules (description_id, house_rules_id) VALUES (85, 8);
INSERT INTO description_to_house_rules (description_id, house_rules_id) VALUES (63, 7);
INSERT INTO description_to_house_rules (description_id, house_rules_id) VALUES (1, 5);
INSERT INTO description_to_house_rules (description_id, house_rules_id) VALUES (59, 9);
INSERT INTO description_to_house_rules (description_id, house_rules_id) VALUES (50, 1);
INSERT INTO description_to_house_rules (description_id, house_rules_id) VALUES (54, 7);
INSERT INTO description_to_house_rules (description_id, house_rules_id) VALUES (66, 5);
INSERT INTO description_to_house_rules (description_id, house_rules_id) VALUES (82, 4);
INSERT INTO description_to_house_rules (description_id, house_rules_id) VALUES (14, 7);
INSERT INTO description_to_house_rules (description_id, house_rules_id) VALUES (97, 6);
INSERT INTO description_to_house_rules (description_id, house_rules_id) VALUES (78, 7);
INSERT INTO description_to_house_rules (description_id, house_rules_id) VALUES (95, 9);
INSERT INTO description_to_house_rules (description_id, house_rules_id) VALUES (36, 9);
INSERT INTO description_to_house_rules (description_id, house_rules_id) VALUES (10, 7);
INSERT INTO description_to_house_rules (description_id, house_rules_id) VALUES (20, 2);
INSERT INTO description_to_house_rules (description_id, house_rules_id) VALUES (19, 1);
INSERT INTO description_to_house_rules (description_id, house_rules_id) VALUES (43, 1);
INSERT INTO description_to_house_rules (description_id, house_rules_id) VALUES (99, 5);
INSERT INTO description_to_house_rules (description_id, house_rules_id) VALUES (45, 5);



-- --amenity
--   --Basic
    -- Wifi
    -- Air conditioning
    -- Indoor fireplace
    -- Dryer
    -- Washer
    -- Laptop friendly workplace
    -- TV
    -- Iron
    -- Essentials 
    -- Heating

  -- Facilities
  --   Free parking on premises
  --   Elevator
  --   Pool
  --   Hot tub
  --   Gym

  -- Dining
  --   Kitchen
  --   Breakfast

  -- Guest access
  --   Private entrance

  -- Bed and bath
  --   Hangers
  --   Hair Dryer
  --   Shampoo

  -- Safety features
  --   First aid kit
  --   Fire extinguisher
  --   Carbon monoxide detector
  --   Smoke detector


-- --guest check in
--   -- from: flexible - 1AM
--   -- to: flexible - 2AM
-- 
-- -- stay
--   --min: no min
--   --max: no max


-- SELECT  FROM description, amenities, rules, description_to_amenities, description_to_house_rules 
-- JOIN description ON description_to_amenities
-- WHERE description.id = description_to_amenities.description_id
-- JOIN description_to_amenities ON amenities  
-- WHERE description_to_amenities.id = amenities.id
-- JOIN description ON description_to_house_rules
-- WHERE description.id = description_to_house_rules.description_id
-- JOIN description_to_house_rules ON house_rules
-- WHERE description_to_house_rules.house_rules_id = house_rules.id