DROP DATABASE IF EXISTS airfec;

CREATE DATABASE airfec;

USE airfec;

CREATE TABLE descriptions (
  id INT NOT NULL AUTO_INCREMENT,
  title TEXT NOT NULL,
  descriptions TEXT NOT NULL,
  space TEXT NOT NULL,
  access TEXT NOT NULL,
  interactions TEXT NOT NULL,
  notes TEXT,
  reg_number VARCHAR(50) NOT NULL,
  property_type VARCHAR(17) NOT NULL,
  guests INT NOT NULL,
  beds INT NOT NULL, 
  bedrooms INT NOT NULL,
  bath INT NOT NULL,
  sparkling_clean INT,
  checkin_exp INT,
  great_location INT,
  PRIMARY KEY (id),
  UNIQUE KEY (reg_number)
);


CREATE TABLE amenities (
  id INT NOT NULL AUTO_INCREMENT,
  amenities VARCHAR(30), 
  PRIMARY KEY (id) 
);

CREATE TABLE house_rules (
  id INT NOT NULL AUTO_INCREMENT, 
  house_rules VARCHAR(50), 
  PRIMARY KEY(id)    
);

CREATE TABLE description_to_amenities (
  description_id INT NOT NULL,
  amenities_id INT NOT NULL,
  FOREIGN KEY (description_id) 
    REFERENCES descriptions (id),
  FOREIGN KEY (amenities_id) 
    REFERENCES amenities (id)
);

CREATE TABLE description_to_house_rules (
  description_id INT NOT NULL,
  house_rules_id INT NOT NULL,
  FOREIGN KEY (description_id)
    REFERENCES descriptions (id), 
  FOREIGN KEY (house_rules_id)
    REFERENCES house_rules (id)
);

INSERT INTO amenities (id, amenities) VALUES 
  (1, 'Wifi'), 
  (2, 'Air Conditioning'), 
  (3, 'Indoor fireplace'), 
  (4, 'Dryer'), 
  (5, 'Washer'), 
  (6, 'Laptop friendly workplace'),
  (7, 'TV'), 
  (8, 'Iron'),
  (9, 'Essentials'), 
  (10, 'Heating'), 
  (11, 'Free parking on premises'),
  (12, 'Elevator'),
  (13, 'Pool'),
  (14, 'Hot tub'),
  (15, 'Gym'),
  (16, 'Kitchen'),
  (17, 'Breakfast'),
  (18, 'Private entrance'),
  (19, 'Hangers'),
  (20, 'Hair Dryer'),
  (21, 'Shampoo'),
  (22, 'First Aid kit'),
  (23, 'Fire extinguisher'),
  (24, 'Carbon monoxide detector'),
  (25, 'Smoke detector');

INSERT INTO house_rules (id, house_rules) VALUES 
  (1, 'Dangerous animals on property'),
  (2, 'Pet(s) live on property'),
  (3, 'Amenity limitations'),
  (4, 'No parking on property'),
  (5, 'Potential for noise'),
  (6, 'Must climb stairs'),
  (7, 'Some spaces are shared'),
  (8, 'Surveillance or recording devices on property'),
  (9, 'Weapons on property'); 

-- --description
insert into descriptions (id, title, descriptions, space, access, interactions, notes, reg_number, property_type, guests, bedrooms, beds, bath, sparkling_clean, checkin_exp, great_location) values (1, 'Integer aliquet, massa id lobortis convallis, tortor risus dapibus augue, vel accumsan tellus nisi eu orci.', 'In hac habitasse platea dictumst. Etiam faucibus cursus urna. Ut tellus.', 'Curabitur in libero ut massa volutpat convallis. Morbi odio odio, elementum eu, interdum eu, tincidunt in, leo. Maecenas pulvinar lobortis est.', 'Integer tincidunt ante vel ipsum. Praesent blandit lacinia erat. Vestibulum sed magna at nunc commodo placerat.', 'Quisque porta volutpat erat. Quisque erat eros, viverra eget, congue eget, semper rutrum, nulla. Nunc purus.', 'Nulla ut erat id mauris vulputate elementum. Nullam varius. Nulla facilisi.', 'SHQAgOPVFUM', 'apartment', 26, 31, 29, 7, 1, 30, 67);
insert into descriptions (id, title, descriptions, space, access, interactions, notes, reg_number, property_type, guests, bedrooms, beds, bath, sparkling_clean, checkin_exp, great_location) values (2, 'Aliquam non mauris.', 'Maecenas leo odio, condimentum id, luctus nec, molestie sed, justo. Pellentesque viverra pede ac diam. Cras pellentesque volutpat dui.', 'Maecenas leo odio, condimentum id, luctus nec, molestie sed, justo. Pellentesque viverra pede ac diam. Cras pellentesque volutpat dui.', 'Integer tincidunt ante vel ipsum. Praesent blandit lacinia erat. Vestibulum sed magna at nunc commodo placerat.', 'Sed sagittis. Nam congue, risus semper porta volutpat, quam pede lobortis ligula, sit amet eleifend pede libero quis orci. Nullam molestie nibh in lectus.', 'Maecenas tristique, est et tempus semper, est quam pharetra magna, ac consequat metus sapien ut nunc. Vestibulum ante ipsum primis in faucibus orci luctus et ultrices posuere cubilia Curae; Mauris viverra diam vitae quam. Suspendisse potenti.', 'k8Y9Q0bViah', 'bed and breakfast', 43, 40, 29, 40, 53, 42, 76);
insert into descriptions (id, title, descriptions, space, access, interactions, notes, reg_number, property_type, guests, bedrooms, beds, bath, sparkling_clean, checkin_exp, great_location) values (3, 'Aliquam non mauris.', 'Phasellus sit amet erat. Nulla tempus. Vivamus in felis eu sapien cursus vestibulum.', 'Cras non velit nec nisi vulputate nonummy. Maecenas tincidunt lacus at velit. Vivamus vel nulla eget eros elementum pellentesque.', 'In quis justo. Maecenas rhoncus aliquam lacus. Morbi quis tortor id nulla ultrices aliquet.', 'Curabitur gravida nisi at nibh. In hac habitasse platea dictumst. Aliquam augue quam, sollicitudin vitae, consectetuer eget, rutrum at, lorem.', 'Duis bibendum. Morbi non quam nec dui luctus rutrum. Nulla tellus.', 'nBU0dGCqykOf', 'house', 12, 17, 23, 3, 83, 84, 46);
insert into descriptions (id, title, descriptions, space, access, interactions, notes, reg_number, property_type, guests, bedrooms, beds, bath, sparkling_clean, checkin_exp, great_location) values (4, 'Nullam sit amet turpis elementum ligula vehicula consequat.', 'Cras non velit nec nisi vulputate nonummy. Maecenas tincidunt lacus at velit. Vivamus vel nulla eget eros elementum pellentesque.', 'In hac habitasse platea dictumst. Etiam faucibus cursus urna. Ut tellus.', 'Duis bibendum. Morbi non quam nec dui luctus rutrum. Nulla tellus.', 'Fusce posuere felis sed lacus. Morbi sem mauris, laoreet ut, rhoncus aliquet, pulvinar sed, nisl. Nunc rhoncus dui vel sem.', 'Phasellus sit amet erat. Nulla tempus. Vivamus in felis eu sapien cursus vestibulum.', '1BaavKIo0ogH', 'house', 30, 22, 29, 35, 80, 21, 52);
insert into descriptions (id, title, descriptions, space, access, interactions, notes, reg_number, property_type, guests, bedrooms, beds, bath, sparkling_clean, checkin_exp, great_location) values (5, 'Praesent lectus.', 'Duis bibendum, felis sed interdum venenatis, turpis enim blandit mi, in porttitor pede justo eu massa. Donec dapibus. Duis at velit eu est congue elementum.', 'In quis justo. Maecenas rhoncus aliquam lacus. Morbi quis tortor id nulla ultrices aliquet.', 'Maecenas ut massa quis augue luctus tincidunt. Nulla mollis molestie lorem. Quisque ut erat.', 'In quis justo. Maecenas rhoncus aliquam lacus. Morbi quis tortor id nulla ultrices aliquet.', 'Proin eu mi. Nulla ac enim. In tempor, turpis nec euismod scelerisque, quam turpis adipiscing lorem, vitae mattis nibh ligula nec sem.', 'VGq9i2olz', 'unique homes', 32, 21, 42, 45, 73, 25, 53);
insert into descriptions (id, title, descriptions, space, access, interactions, notes, reg_number, property_type, guests, bedrooms, beds, bath, sparkling_clean, checkin_exp, great_location) values (6, 'In sagittis dui vel nisl.', 'Vestibulum quam sapien, varius ut, blandit non, interdum in, ante. Vestibulum ante ipsum primis in faucibus orci luctus et ultrices posuere cubilia Curae; Duis faucibus accumsan odio. Curabitur convallis.', 'Donec diam neque, vestibulum eget, vulputate ut, ultrices vel, augue. Vestibulum ante ipsum primis in faucibus orci luctus et ultrices posuere cubilia Curae; Donec pharetra, magna vestibulum aliquet ultrices, erat tortor sollicitudin mi, sit amet lobortis sapien sapien non mi. Integer ac neque.', 'Curabitur gravida nisi at nibh. In hac habitasse platea dictumst. Aliquam augue quam, sollicitudin vitae, consectetuer eget, rutrum at, lorem.', 'In hac habitasse platea dictumst. Morbi vestibulum, velit id pretium iaculis, diam erat fermentum justo, nec condimentum neque sapien placerat ante. Nulla justo.', 'Fusce posuere felis sed lacus. Morbi sem mauris, laoreet ut, rhoncus aliquet, pulvinar sed, nisl. Nunc rhoncus dui vel sem.', 'yEd3z5i3VS', 'bed and breakfast', 19, 46, 11, 32, 25, 49, 58);
insert into descriptions (id, title, descriptions, space, access, interactions, notes, reg_number, property_type, guests, bedrooms, beds, bath, sparkling_clean, checkin_exp, great_location) values (7, 'Integer ac neque.', 'Fusce posuere felis sed lacus. Morbi sem mauris, laoreet ut, rhoncus aliquet, pulvinar sed, nisl. Nunc rhoncus dui vel sem.', 'Curabitur gravida nisi at nibh. In hac habitasse platea dictumst. Aliquam augue quam, sollicitudin vitae, consectetuer eget, rutrum at, lorem.', 'In hac habitasse platea dictumst. Etiam faucibus cursus urna. Ut tellus.', 'Praesent id massa id nisl venenatis lacinia. Aenean sit amet justo. Morbi ut odio.', 'Cras mi pede, malesuada in, imperdiet et, commodo vulputate, justo. In blandit ultrices enim. Lorem ipsum dolor sit amet, consectetuer adipiscing elit.', '7jqCKaFW', 'house', 30, 27, 20, 19, 97, 45, 95);
insert into descriptions (id, title, descriptions, space, access, interactions, notes, reg_number, property_type, guests, bedrooms, beds, bath, sparkling_clean, checkin_exp, great_location) values (8, 'Integer ac leo.', 'Suspendisse potenti. In eleifend quam a odio. In hac habitasse platea dictumst.', 'Curabitur at ipsum ac tellus semper interdum. Mauris ullamcorper purus sit amet nulla. Quisque arcu libero, rutrum ac, lobortis vel, dapibus at, diam.', 'Vestibulum quam sapien, varius ut, blandit non, interdum in, ante. Vestibulum ante ipsum primis in faucibus orci luctus et ultrices posuere cubilia Curae; Duis faucibus accumsan odio. Curabitur convallis.', 'Cum sociis natoque penatibus et magnis dis parturient montes, nascetur ridiculus mus. Vivamus vestibulum sagittis sapien. Cum sociis natoque penatibus et magnis dis parturient montes, nascetur ridiculus mus.', 'Mauris enim leo, rhoncus sed, vestibulum sit amet, cursus id, turpis. Integer aliquet, massa id lobortis convallis, tortor risus dapibus augue, vel accumsan tellus nisi eu orci. Mauris lacinia sapien quis libero.', 'KIbKuyX53c', 'house', 31, 47, 50, 27, 20, 84, 40);
insert into descriptions (id, title, descriptions, space, access, interactions, notes, reg_number, property_type, guests, bedrooms, beds, bath, sparkling_clean, checkin_exp, great_location) values (9, 'Duis bibendum.', 'Nam ultrices, libero non mattis pulvinar, nulla pede ullamcorper augue, a suscipit nulla elit ac nulla. Sed vel enim sit amet nunc viverra dapibus. Nulla suscipit ligula in lacus.', 'Etiam vel augue. Vestibulum rutrum rutrum neque. Aenean auctor gravida sem.', 'Proin eu mi. Nulla ac enim. In tempor, turpis nec euismod scelerisque, quam turpis adipiscing lorem, vitae mattis nibh ligula nec sem.', 'Aenean fermentum. Donec ut mauris eget massa tempor convallis. Nulla neque libero, convallis eget, eleifend luctus, ultricies eu, nibh.', 'Vestibulum quam sapien, varius ut, blandit non, interdum in, ante. Vestibulum ante ipsum primis in faucibus orci luctus et ultrices posuere cubilia Curae; Duis faucibus accumsan odio. Curabitur convallis.', 'b9kh1tU', 'unique homes', 22, 50, 30, 36, 35, 35, 12);
insert into descriptions (id, title, descriptions, space, access, interactions, notes, reg_number, property_type, guests, bedrooms, beds, bath, sparkling_clean, checkin_exp, great_location) values (10, 'Cum sociis natoque penatibus et magnis dis parturient montes, nascetur ridiculus mus.', 'Duis consequat dui nec nisi volutpat eleifend. Donec ut dolor. Morbi vel lectus in quam fringilla rhoncus.', 'Phasellus sit amet erat. Nulla tempus. Vivamus in felis eu sapien cursus vestibulum.', 'In hac habitasse platea dictumst. Morbi vestibulum, velit id pretium iaculis, diam erat fermentum justo, nec condimentum neque sapien placerat ante. Nulla justo.', 'Nullam porttitor lacus at turpis. Donec posuere metus vitae ipsum. Aliquam non mauris.', 'Proin interdum mauris non ligula pellentesque ultrices. Phasellus id sapien in sapien iaculis congue. Vivamus metus arcu, adipiscing molestie, hendrerit at, vulputate vitae, nisl.', 'ISv5Ru', 'house', 6, 49, 17, 22, 50, 98, 28);
insert into descriptions (id, title, descriptions, space, access, interactions, notes, reg_number, property_type, guests, bedrooms, beds, bath, sparkling_clean, checkin_exp, great_location) values (11, 'Cum sociis natoque penatibus et magnis dis parturient montes, nascetur ridiculus mus.', 'Nam ultrices, libero non mattis pulvinar, nulla pede ullamcorper augue, a suscipit nulla elit ac nulla. Sed vel enim sit amet nunc viverra dapibus. Nulla suscipit ligula in lacus.', 'Maecenas tristique, est et tempus semper, est quam pharetra magna, ac consequat metus sapien ut nunc. Vestibulum ante ipsum primis in faucibus orci luctus et ultrices posuere cubilia Curae; Mauris viverra diam vitae quam. Suspendisse potenti.', 'Morbi porttitor lorem id ligula. Suspendisse ornare consequat lectus. In est risus, auctor sed, tristique in, tempus sit amet, sem.', 'Proin interdum mauris non ligula pellentesque ultrices. Phasellus id sapien in sapien iaculis congue. Vivamus metus arcu, adipiscing molestie, hendrerit at, vulputate vitae, nisl.', 'Mauris enim leo, rhoncus sed, vestibulum sit amet, cursus id, turpis. Integer aliquet, massa id lobortis convallis, tortor risus dapibus augue, vel accumsan tellus nisi eu orci. Mauris lacinia sapien quis libero.', '3TUeCd6V5', 'bed and breakfast', 36, 30, 32, 48, 70, 64, 41);
insert into descriptions (id, title, descriptions, space, access, interactions, notes, reg_number, property_type, guests, bedrooms, beds, bath, sparkling_clean, checkin_exp, great_location) values (12, 'Nunc rhoncus dui vel sem.', 'Morbi porttitor lorem id ligula. Suspendisse ornare consequat lectus. In est risus, auctor sed, tristique in, tempus sit amet, sem.', 'Nulla ut erat id mauris vulputate elementum. Nullam varius. Nulla facilisi.', 'Morbi non lectus. Aliquam sit amet diam in magna bibendum imperdiet. Nullam orci pede, venenatis non, sodales sed, tincidunt eu, felis.', 'In congue. Etiam justo. Etiam pretium iaculis justo.', 'Aenean fermentum. Donec ut mauris eget massa tempor convallis. Nulla neque libero, convallis eget, eleifend luctus, ultricies eu, nibh.', 'DK6P9HFHLn0', 'bed and breakfast', 27, 27, 47, 20, 86, 58, 12);
insert into descriptions (id, title, descriptions, space, access, interactions, notes, reg_number, property_type, guests, bedrooms, beds, bath, sparkling_clean, checkin_exp, great_location) values (13, 'Nulla ut erat id mauris vulputate elementum.', 'Cum sociis natoque penatibus et magnis dis parturient montes, nascetur ridiculus mus. Vivamus vestibulum sagittis sapien. Cum sociis natoque penatibus et magnis dis parturient montes, nascetur ridiculus mus.', 'Cum sociis natoque penatibus et magnis dis parturient montes, nascetur ridiculus mus. Vivamus vestibulum sagittis sapien. Cum sociis natoque penatibus et magnis dis parturient montes, nascetur ridiculus mus.', 'Proin eu mi. Nulla ac enim. In tempor, turpis nec euismod scelerisque, quam turpis adipiscing lorem, vitae mattis nibh ligula nec sem.', 'Nulla ut erat id mauris vulputate elementum. Nullam varius. Nulla facilisi.', 'Etiam vel augue. Vestibulum rutrum rutrum neque. Aenean auctor gravida sem.', 'wXwSSKgVaBt', 'bed and breakfast', 0, 14, 40, 34, 92, 24, 82);
insert into descriptions (id, title, descriptions, space, access, interactions, notes, reg_number, property_type, guests, bedrooms, beds, bath, sparkling_clean, checkin_exp, great_location) values (14, 'Vivamus vestibulum sagittis sapien.', 'Proin interdum mauris non ligula pellentesque ultrices. Phasellus id sapien in sapien iaculis congue. Vivamus metus arcu, adipiscing molestie, hendrerit at, vulputate vitae, nisl.', 'Sed ante. Vivamus tortor. Duis mattis egestas metus.', 'Maecenas leo odio, condimentum id, luctus nec, molestie sed, justo. Pellentesque viverra pede ac diam. Cras pellentesque volutpat dui.', 'Duis aliquam convallis nunc. Proin at turpis a pede posuere nonummy. Integer non velit.', 'Aenean fermentum. Donec ut mauris eget massa tempor convallis. Nulla neque libero, convallis eget, eleifend luctus, ultricies eu, nibh.', 'xnNhDhYPEA', 'bed and breakfast', 7, 44, 49, 50, 93, 56, 47);
insert into descriptions (id, title, descriptions, space, access, interactions, notes, reg_number, property_type, guests, bedrooms, beds, bath, sparkling_clean, checkin_exp, great_location) values (15, 'Integer a nibh.', 'Lorem ipsum dolor sit amet, consectetuer adipiscing elit. Proin risus. Praesent lectus.', 'Vestibulum ac est lacinia nisi venenatis tristique. Fusce congue, diam id ornare imperdiet, sapien urna pretium nisl, ut volutpat sapien arcu sed augue. Aliquam erat volutpat.', 'Vestibulum ac est lacinia nisi venenatis tristique. Fusce congue, diam id ornare imperdiet, sapien urna pretium nisl, ut volutpat sapien arcu sed augue. Aliquam erat volutpat.', 'Mauris enim leo, rhoncus sed, vestibulum sit amet, cursus id, turpis. Integer aliquet, massa id lobortis convallis, tortor risus dapibus augue, vel accumsan tellus nisi eu orci. Mauris lacinia sapien quis libero.', 'Sed sagittis. Nam congue, risus semper porta volutpat, quam pede lobortis ligula, sit amet eleifend pede libero quis orci. Nullam molestie nibh in lectus.', 'IRhOiq', 'house', 21, 45, 46, 28, 33, 47, 15);
insert into descriptions (id, title, descriptions, space, access, interactions, notes, reg_number, property_type, guests, bedrooms, beds, bath, sparkling_clean, checkin_exp, great_location) values (16, 'Quisque erat eros, viverra eget, congue eget, semper rutrum, nulla.', 'Duis consequat dui nec nisi volutpat eleifend. Donec ut dolor. Morbi vel lectus in quam fringilla rhoncus.', 'Vestibulum ac est lacinia nisi venenatis tristique. Fusce congue, diam id ornare imperdiet, sapien urna pretium nisl, ut volutpat sapien arcu sed augue. Aliquam erat volutpat.', 'Maecenas ut massa quis augue luctus tincidunt. Nulla mollis molestie lorem. Quisque ut erat.', 'Morbi porttitor lorem id ligula. Suspendisse ornare consequat lectus. In est risus, auctor sed, tristique in, tempus sit amet, sem.', 'Praesent id massa id nisl venenatis lacinia. Aenean sit amet justo. Morbi ut odio.', 'c6yHkevGKNQn', 'house', 24, 22, 30, 34, 9, 2, 31);
insert into descriptions (id, title, descriptions, space, access, interactions, notes, reg_number, property_type, guests, bedrooms, beds, bath, sparkling_clean, checkin_exp, great_location) values (17, 'Aliquam sit amet diam in magna bibendum imperdiet.', 'Nam ultrices, libero non mattis pulvinar, nulla pede ullamcorper augue, a suscipit nulla elit ac nulla. Sed vel enim sit amet nunc viverra dapibus. Nulla suscipit ligula in lacus.', 'Morbi porttitor lorem id ligula. Suspendisse ornare consequat lectus. In est risus, auctor sed, tristique in, tempus sit amet, sem.', 'Proin interdum mauris non ligula pellentesque ultrices. Phasellus id sapien in sapien iaculis congue. Vivamus metus arcu, adipiscing molestie, hendrerit at, vulputate vitae, nisl.', 'Nullam porttitor lacus at turpis. Donec posuere metus vitae ipsum. Aliquam non mauris.', 'Sed ante. Vivamus tortor. Duis mattis egestas metus.', 'dJpAss3fQD', 'unique homes', 10, 38, 39, 19, 97, 66, 12);
insert into descriptions (id, title, descriptions, space, access, interactions, notes, reg_number, property_type, guests, bedrooms, beds, bath, sparkling_clean, checkin_exp, great_location) values (18, 'Nullam molestie nibh in lectus.', 'Curabitur in libero ut massa volutpat convallis. Morbi odio odio, elementum eu, interdum eu, tincidunt in, leo. Maecenas pulvinar lobortis est.', 'Quisque id justo sit amet sapien dignissim vestibulum. Vestibulum ante ipsum primis in faucibus orci luctus et ultrices posuere cubilia Curae; Nulla dapibus dolor vel est. Donec odio justo, sollicitudin ut, suscipit a, feugiat et, eros.', 'Vestibulum quam sapien, varius ut, blandit non, interdum in, ante. Vestibulum ante ipsum primis in faucibus orci luctus et ultrices posuere cubilia Curae; Duis faucibus accumsan odio. Curabitur convallis.', 'Praesent id massa id nisl venenatis lacinia. Aenean sit amet justo. Morbi ut odio.', 'Nam ultrices, libero non mattis pulvinar, nulla pede ullamcorper augue, a suscipit nulla elit ac nulla. Sed vel enim sit amet nunc viverra dapibus. Nulla suscipit ligula in lacus.', 'SCmqBZI3e', 'apartment', 19, 7, 14, 32, 99, 3, 96);
insert into descriptions (id, title, descriptions, space, access, interactions, notes, reg_number, property_type, guests, bedrooms, beds, bath, sparkling_clean, checkin_exp, great_location) values (19, 'In hac habitasse platea dictumst.', 'Sed ante. Vivamus tortor. Duis mattis egestas metus.', 'Cras non velit nec nisi vulputate nonummy. Maecenas tincidunt lacus at velit. Vivamus vel nulla eget eros elementum pellentesque.', 'Proin leo odio, porttitor id, consequat in, consequat ut, nulla. Sed accumsan felis. Ut at dolor quis odio consequat varius.', 'Vestibulum quam sapien, varius ut, blandit non, interdum in, ante. Vestibulum ante ipsum primis in faucibus orci luctus et ultrices posuere cubilia Curae; Duis faucibus accumsan odio. Curabitur convallis.', 'Duis bibendum, felis sed interdum venenatis, turpis enim blandit mi, in porttitor pede justo eu massa. Donec dapibus. Duis at velit eu est congue elementum.', 'BdF6vEJ4', 'bed and breakfast', 40, 22, 3, 27, 79, 83, 14);
insert into descriptions (id, title, descriptions, space, access, interactions, notes, reg_number, property_type, guests, bedrooms, beds, bath, sparkling_clean, checkin_exp, great_location) values (20, 'Nam dui.', 'Curabitur at ipsum ac tellus semper interdum. Mauris ullamcorper purus sit amet nulla. Quisque arcu libero, rutrum ac, lobortis vel, dapibus at, diam.', 'Morbi non lectus. Aliquam sit amet diam in magna bibendum imperdiet. Nullam orci pede, venenatis non, sodales sed, tincidunt eu, felis.', 'Morbi porttitor lorem id ligula. Suspendisse ornare consequat lectus. In est risus, auctor sed, tristique in, tempus sit amet, sem.', 'Curabitur gravida nisi at nibh. In hac habitasse platea dictumst. Aliquam augue quam, sollicitudin vitae, consectetuer eget, rutrum at, lorem.', 'Nullam sit amet turpis elementum ligula vehicula consequat. Morbi a ipsum. Integer a nibh.', 'r5N9A563To7y', 'apartment', 19, 45, 34, 2, 90, 15, 58);
insert into descriptions (id, title, descriptions, space, access, interactions, notes, reg_number, property_type, guests, bedrooms, beds, bath, sparkling_clean, checkin_exp, great_location) values (21, 'In sagittis dui vel nisl.', 'Duis bibendum. Morbi non quam nec dui luctus rutrum. Nulla tellus.', 'Nulla ut erat id mauris vulputate elementum. Nullam varius. Nulla facilisi.', 'Curabitur gravida nisi at nibh. In hac habitasse platea dictumst. Aliquam augue quam, sollicitudin vitae, consectetuer eget, rutrum at, lorem.', 'In sagittis dui vel nisl. Duis ac nibh. Fusce lacus purus, aliquet at, feugiat non, pretium quis, lectus.', 'Aliquam quis turpis eget elit sodales scelerisque. Mauris sit amet eros. Suspendisse accumsan tortor quis turpis.', 'mNd0MqcuE', 'house', 34, 36, 39, 5, 31, 80, 19);
insert into descriptions (id, title, descriptions, space, access, interactions, notes, reg_number, property_type, guests, bedrooms, beds, bath, sparkling_clean, checkin_exp, great_location) values (22, 'Nunc nisl.', 'Nulla ut erat id mauris vulputate elementum. Nullam varius. Nulla facilisi.', 'Quisque id justo sit amet sapien dignissim vestibulum. Vestibulum ante ipsum primis in faucibus orci luctus et ultrices posuere cubilia Curae; Nulla dapibus dolor vel est. Donec odio justo, sollicitudin ut, suscipit a, feugiat et, eros.', 'Phasellus sit amet erat. Nulla tempus. Vivamus in felis eu sapien cursus vestibulum.', 'Lorem ipsum dolor sit amet, consectetuer adipiscing elit. Proin risus. Praesent lectus.', 'In hac habitasse platea dictumst. Morbi vestibulum, velit id pretium iaculis, diam erat fermentum justo, nec condimentum neque sapien placerat ante. Nulla justo.', 'YORal3Xd', 'bed and breakfast', 11, 21, 37, 36, 16, 92, 100);
insert into descriptions (id, title, descriptions, space, access, interactions, notes, reg_number, property_type, guests, bedrooms, beds, bath, sparkling_clean, checkin_exp, great_location) values (23, 'Ut at dolor quis odio consequat varius.', 'Nullam sit amet turpis elementum ligula vehicula consequat. Morbi a ipsum. Integer a nibh.', 'Morbi non lectus. Aliquam sit amet diam in magna bibendum imperdiet. Nullam orci pede, venenatis non, sodales sed, tincidunt eu, felis.', 'Curabitur gravida nisi at nibh. In hac habitasse platea dictumst. Aliquam augue quam, sollicitudin vitae, consectetuer eget, rutrum at, lorem.', 'Sed ante. Vivamus tortor. Duis mattis egestas metus.', 'In hac habitasse platea dictumst. Morbi vestibulum, velit id pretium iaculis, diam erat fermentum justo, nec condimentum neque sapien placerat ante. Nulla justo.', 'r6qvgsMUodXP', 'apartment', 50, 41, 22, 30, 70, 18, 76);
insert into descriptions (id, title, descriptions, space, access, interactions, notes, reg_number, property_type, guests, bedrooms, beds, bath, sparkling_clean, checkin_exp, great_location) values (24, 'Praesent id massa id nisl venenatis lacinia.', 'Nam ultrices, libero non mattis pulvinar, nulla pede ullamcorper augue, a suscipit nulla elit ac nulla. Sed vel enim sit amet nunc viverra dapibus. Nulla suscipit ligula in lacus.', 'In hac habitasse platea dictumst. Etiam faucibus cursus urna. Ut tellus.', 'Pellentesque at nulla. Suspendisse potenti. Cras in purus eu magna vulputate luctus.', 'Pellentesque at nulla. Suspendisse potenti. Cras in purus eu magna vulputate luctus.', 'Aenean lectus. Pellentesque eget nunc. Donec quis orci eget orci vehicula condimentum.', 'pwNjoti', 'apartment', 18, 46, 50, 42, 5, 63, 76);
insert into descriptions (id, title, descriptions, space, access, interactions, notes, reg_number, property_type, guests, bedrooms, beds, bath, sparkling_clean, checkin_exp, great_location) values (25, 'Nullam sit amet turpis elementum ligula vehicula consequat.', 'Proin leo odio, porttitor id, consequat in, consequat ut, nulla. Sed accumsan felis. Ut at dolor quis odio consequat varius.', 'Duis aliquam convallis nunc. Proin at turpis a pede posuere nonummy. Integer non velit.', 'Quisque id justo sit amet sapien dignissim vestibulum. Vestibulum ante ipsum primis in faucibus orci luctus et ultrices posuere cubilia Curae; Nulla dapibus dolor vel est. Donec odio justo, sollicitudin ut, suscipit a, feugiat et, eros.', 'Suspendisse potenti. In eleifend quam a odio. In hac habitasse platea dictumst.', 'Sed sagittis. Nam congue, risus semper porta volutpat, quam pede lobortis ligula, sit amet eleifend pede libero quis orci. Nullam molestie nibh in lectus.', 'tKl4CyHNR', 'apartment', 21, 4, 11, 21, 91, 33, 39);
insert into descriptions (id, title, descriptions, space, access, interactions, notes, reg_number, property_type, guests, bedrooms, beds, bath, sparkling_clean, checkin_exp, great_location) values (26, 'Proin leo odio, porttitor id, consequat in, consequat ut, nulla.', 'Pellentesque at nulla. Suspendisse potenti. Cras in purus eu magna vulputate luctus.', 'Aenean fermentum. Donec ut mauris eget massa tempor convallis. Nulla neque libero, convallis eget, eleifend luctus, ultricies eu, nibh.', 'Sed sagittis. Nam congue, risus semper porta volutpat, quam pede lobortis ligula, sit amet eleifend pede libero quis orci. Nullam molestie nibh in lectus.', 'Integer tincidunt ante vel ipsum. Praesent blandit lacinia erat. Vestibulum sed magna at nunc commodo placerat.', 'Duis aliquam convallis nunc. Proin at turpis a pede posuere nonummy. Integer non velit.', 'l7JjpAIal81', 'house', 10, 18, 30, 23, 31, 54, 12);
insert into descriptions (id, title, descriptions, space, access, interactions, notes, reg_number, property_type, guests, bedrooms, beds, bath, sparkling_clean, checkin_exp, great_location) values (27, 'Duis bibendum.', 'Suspendisse potenti. In eleifend quam a odio. In hac habitasse platea dictumst.', 'Quisque porta volutpat erat. Quisque erat eros, viverra eget, congue eget, semper rutrum, nulla. Nunc purus.', 'Aenean fermentum. Donec ut mauris eget massa tempor convallis. Nulla neque libero, convallis eget, eleifend luctus, ultricies eu, nibh.', 'Integer tincidunt ante vel ipsum. Praesent blandit lacinia erat. Vestibulum sed magna at nunc commodo placerat.', 'Phasellus sit amet erat. Nulla tempus. Vivamus in felis eu sapien cursus vestibulum.', 'vH5ih2sL2B', 'unique homes', 25, 32, 23, 16, 96, 97, 85);
insert into descriptions (id, title, descriptions, space, access, interactions, notes, reg_number, property_type, guests, bedrooms, beds, bath, sparkling_clean, checkin_exp, great_location) values (28, 'Maecenas leo odio, condimentum id, luctus nec, molestie sed, justo.', 'Duis consequat dui nec nisi volutpat eleifend. Donec ut dolor. Morbi vel lectus in quam fringilla rhoncus.', 'Sed sagittis. Nam congue, risus semper porta volutpat, quam pede lobortis ligula, sit amet eleifend pede libero quis orci. Nullam molestie nibh in lectus.', 'Suspendisse potenti. In eleifend quam a odio. In hac habitasse platea dictumst.', 'Phasellus sit amet erat. Nulla tempus. Vivamus in felis eu sapien cursus vestibulum.', 'Maecenas leo odio, condimentum id, luctus nec, molestie sed, justo. Pellentesque viverra pede ac diam. Cras pellentesque volutpat dui.', 'K19TEYlHJIY', 'unique homes', 40, 8, 28, 38, 50, 71, 58);
insert into descriptions (id, title, descriptions, space, access, interactions, notes, reg_number, property_type, guests, bedrooms, beds, bath, sparkling_clean, checkin_exp, great_location) values (29, 'Aliquam augue quam, sollicitudin vitae, consectetuer eget, rutrum at, lorem.', 'Maecenas tristique, est et tempus semper, est quam pharetra magna, ac consequat metus sapien ut nunc. Vestibulum ante ipsum primis in faucibus orci luctus et ultrices posuere cubilia Curae; Mauris viverra diam vitae quam. Suspendisse potenti.', 'In hac habitasse platea dictumst. Morbi vestibulum, velit id pretium iaculis, diam erat fermentum justo, nec condimentum neque sapien placerat ante. Nulla justo.', 'Quisque id justo sit amet sapien dignissim vestibulum. Vestibulum ante ipsum primis in faucibus orci luctus et ultrices posuere cubilia Curae; Nulla dapibus dolor vel est. Donec odio justo, sollicitudin ut, suscipit a, feugiat et, eros.', 'Nulla ut erat id mauris vulputate elementum. Nullam varius. Nulla facilisi.', 'Phasellus sit amet erat. Nulla tempus. Vivamus in felis eu sapien cursus vestibulum.', 'nIjbLZsn6eR', 'bed and breakfast', 7, 7, 21, 12, 13, 79, 39);
insert into descriptions (id, title, descriptions, space, access, interactions, notes, reg_number, property_type, guests, bedrooms, beds, bath, sparkling_clean, checkin_exp, great_location) values (30, 'Mauris ullamcorper purus sit amet nulla.', 'Duis aliquam convallis nunc. Proin at turpis a pede posuere nonummy. Integer non velit.', 'Morbi porttitor lorem id ligula. Suspendisse ornare consequat lectus. In est risus, auctor sed, tristique in, tempus sit amet, sem.', 'Maecenas ut massa quis augue luctus tincidunt. Nulla mollis molestie lorem. Quisque ut erat.', 'Suspendisse potenti. In eleifend quam a odio. In hac habitasse platea dictumst.', 'Cras mi pede, malesuada in, imperdiet et, commodo vulputate, justo. In blandit ultrices enim. Lorem ipsum dolor sit amet, consectetuer adipiscing elit.', 'XXljEWloQiR', 'house', 17, 26, 50, 8, 1, 83, 34);
insert into descriptions (id, title, descriptions, space, access, interactions, notes, reg_number, property_type, guests, bedrooms, beds, bath, sparkling_clean, checkin_exp, great_location) values (31, 'Quisque arcu libero, rutrum ac, lobortis vel, dapibus at, diam.', 'Integer ac leo. Pellentesque ultrices mattis odio. Donec vitae nisi.', 'Aliquam quis turpis eget elit sodales scelerisque. Mauris sit amet eros. Suspendisse accumsan tortor quis turpis.', 'Duis consequat dui nec nisi volutpat eleifend. Donec ut dolor. Morbi vel lectus in quam fringilla rhoncus.', 'In sagittis dui vel nisl. Duis ac nibh. Fusce lacus purus, aliquet at, feugiat non, pretium quis, lectus.', 'Quisque id justo sit amet sapien dignissim vestibulum. Vestibulum ante ipsum primis in faucibus orci luctus et ultrices posuere cubilia Curae; Nulla dapibus dolor vel est. Donec odio justo, sollicitudin ut, suscipit a, feugiat et, eros.', 'JsfMfqdy', 'bed and breakfast', 48, 7, 3, 39, 86, 4, 99);
insert into descriptions (id, title, descriptions, space, access, interactions, notes, reg_number, property_type, guests, bedrooms, beds, bath, sparkling_clean, checkin_exp, great_location) values (32, 'Nulla tellus.', 'Maecenas ut massa quis augue luctus tincidunt. Nulla mollis molestie lorem. Quisque ut erat.', 'In hac habitasse platea dictumst. Morbi vestibulum, velit id pretium iaculis, diam erat fermentum justo, nec condimentum neque sapien placerat ante. Nulla justo.', 'Nam ultrices, libero non mattis pulvinar, nulla pede ullamcorper augue, a suscipit nulla elit ac nulla. Sed vel enim sit amet nunc viverra dapibus. Nulla suscipit ligula in lacus.', 'Nullam sit amet turpis elementum ligula vehicula consequat. Morbi a ipsum. Integer a nibh.', 'Proin eu mi. Nulla ac enim. In tempor, turpis nec euismod scelerisque, quam turpis adipiscing lorem, vitae mattis nibh ligula nec sem.', 'pBJ2plY', 'bed and breakfast', 39, 50, 28, 41, 50, 56, 52);
insert into descriptions (id, title, descriptions, space, access, interactions, notes, reg_number, property_type, guests, bedrooms, beds, bath, sparkling_clean, checkin_exp, great_location) values (33, 'Lorem ipsum dolor sit amet, consectetuer adipiscing elit.', 'Maecenas leo odio, condimentum id, luctus nec, molestie sed, justo. Pellentesque viverra pede ac diam. Cras pellentesque volutpat dui.', 'In hac habitasse platea dictumst. Morbi vestibulum, velit id pretium iaculis, diam erat fermentum justo, nec condimentum neque sapien placerat ante. Nulla justo.', 'Curabitur at ipsum ac tellus semper interdum. Mauris ullamcorper purus sit amet nulla. Quisque arcu libero, rutrum ac, lobortis vel, dapibus at, diam.', 'Quisque id justo sit amet sapien dignissim vestibulum. Vestibulum ante ipsum primis in faucibus orci luctus et ultrices posuere cubilia Curae; Nulla dapibus dolor vel est. Donec odio justo, sollicitudin ut, suscipit a, feugiat et, eros.', 'Proin interdum mauris non ligula pellentesque ultrices. Phasellus id sapien in sapien iaculis congue. Vivamus metus arcu, adipiscing molestie, hendrerit at, vulputate vitae, nisl.', 'CW4r2keHf', 'apartment', 22, 9, 2, 44, 20, 86, 48);
insert into descriptions (id, title, descriptions, space, access, interactions, notes, reg_number, property_type, guests, bedrooms, beds, bath, sparkling_clean, checkin_exp, great_location) values (34, 'Aenean sit amet justo.', 'Proin interdum mauris non ligula pellentesque ultrices. Phasellus id sapien in sapien iaculis congue. Vivamus metus arcu, adipiscing molestie, hendrerit at, vulputate vitae, nisl.', 'Pellentesque at nulla. Suspendisse potenti. Cras in purus eu magna vulputate luctus.', 'Vestibulum ac est lacinia nisi venenatis tristique. Fusce congue, diam id ornare imperdiet, sapien urna pretium nisl, ut volutpat sapien arcu sed augue. Aliquam erat volutpat.', 'Aenean lectus. Pellentesque eget nunc. Donec quis orci eget orci vehicula condimentum.', 'Curabitur in libero ut massa volutpat convallis. Morbi odio odio, elementum eu, interdum eu, tincidunt in, leo. Maecenas pulvinar lobortis est.', 'RUBTteh', 'house', 21, 2, 22, 37, 48, 35, 94);
insert into descriptions (id, title, descriptions, space, access, interactions, notes, reg_number, property_type, guests, bedrooms, beds, bath, sparkling_clean, checkin_exp, great_location) values (35, 'Integer tincidunt ante vel ipsum.', 'Curabitur in libero ut massa volutpat convallis. Morbi odio odio, elementum eu, interdum eu, tincidunt in, leo. Maecenas pulvinar lobortis est.', 'Etiam vel augue. Vestibulum rutrum rutrum neque. Aenean auctor gravida sem.', 'Nullam porttitor lacus at turpis. Donec posuere metus vitae ipsum. Aliquam non mauris.', 'In congue. Etiam justo. Etiam pretium iaculis justo.', 'Integer tincidunt ante vel ipsum. Praesent blandit lacinia erat. Vestibulum sed magna at nunc commodo placerat.', 'JX2uTGxKdr23', 'unique homes', 17, 13, 4, 35, 85, 45, 31);
insert into descriptions (id, title, descriptions, space, access, interactions, notes, reg_number, property_type, guests, bedrooms, beds, bath, sparkling_clean, checkin_exp, great_location) values (36, 'Ut tellus.', 'Morbi porttitor lorem id ligula. Suspendisse ornare consequat lectus. In est risus, auctor sed, tristique in, tempus sit amet, sem.', 'In hac habitasse platea dictumst. Etiam faucibus cursus urna. Ut tellus.', 'In congue. Etiam justo. Etiam pretium iaculis justo.', 'Curabitur in libero ut massa volutpat convallis. Morbi odio odio, elementum eu, interdum eu, tincidunt in, leo. Maecenas pulvinar lobortis est.', 'Praesent blandit. Nam nulla. Integer pede justo, lacinia eget, tincidunt eget, tempus vel, pede.', 'XMpUZhy', 'house', 35, 17, 27, 20, 38, 92, 10);
insert into descriptions (id, title, descriptions, space, access, interactions, notes, reg_number, property_type, guests, bedrooms, beds, bath, sparkling_clean, checkin_exp, great_location) values (37, 'Quisque erat eros, viverra eget, congue eget, semper rutrum, nulla.', 'Etiam vel augue. Vestibulum rutrum rutrum neque. Aenean auctor gravida sem.', 'Integer tincidunt ante vel ipsum. Praesent blandit lacinia erat. Vestibulum sed magna at nunc commodo placerat.', 'Maecenas leo odio, condimentum id, luctus nec, molestie sed, justo. Pellentesque viverra pede ac diam. Cras pellentesque volutpat dui.', 'Curabitur gravida nisi at nibh. In hac habitasse platea dictumst. Aliquam augue quam, sollicitudin vitae, consectetuer eget, rutrum at, lorem.', 'Curabitur gravida nisi at nibh. In hac habitasse platea dictumst. Aliquam augue quam, sollicitudin vitae, consectetuer eget, rutrum at, lorem.', 'XQGR0XzXqW', 'bed and breakfast', 15, 12, 44, 48, 97, 100, 45);
insert into descriptions (id, title, descriptions, space, access, interactions, notes, reg_number, property_type, guests, bedrooms, beds, bath, sparkling_clean, checkin_exp, great_location) values (38, 'Morbi quis tortor id nulla ultrices aliquet.', 'Praesent id massa id nisl venenatis lacinia. Aenean sit amet justo. Morbi ut odio.', 'Morbi porttitor lorem id ligula. Suspendisse ornare consequat lectus. In est risus, auctor sed, tristique in, tempus sit amet, sem.', 'In congue. Etiam justo. Etiam pretium iaculis justo.', 'Duis aliquam convallis nunc. Proin at turpis a pede posuere nonummy. Integer non velit.', 'Sed ante. Vivamus tortor. Duis mattis egestas metus.', 'rpbaYvxO', 'house', 48, 44, 13, 16, 5, 47, 28);
insert into descriptions (id, title, descriptions, space, access, interactions, notes, reg_number, property_type, guests, bedrooms, beds, bath, sparkling_clean, checkin_exp, great_location) values (39, 'Vivamus metus arcu, adipiscing molestie, hendrerit at, vulputate vitae, nisl.', 'Cras mi pede, malesuada in, imperdiet et, commodo vulputate, justo. In blandit ultrices enim. Lorem ipsum dolor sit amet, consectetuer adipiscing elit.', 'Praesent id massa id nisl venenatis lacinia. Aenean sit amet justo. Morbi ut odio.', 'Curabitur in libero ut massa volutpat convallis. Morbi odio odio, elementum eu, interdum eu, tincidunt in, leo. Maecenas pulvinar lobortis est.', 'Duis bibendum, felis sed interdum venenatis, turpis enim blandit mi, in porttitor pede justo eu massa. Donec dapibus. Duis at velit eu est congue elementum.', 'Phasellus sit amet erat. Nulla tempus. Vivamus in felis eu sapien cursus vestibulum.', 'Xtda093Ar', 'unique homes', 15, 24, 29, 19, 87, 43, 69);
insert into descriptions (id, title, descriptions, space, access, interactions, notes, reg_number, property_type, guests, bedrooms, beds, bath, sparkling_clean, checkin_exp, great_location) values (40, 'Morbi odio odio, elementum eu, interdum eu, tincidunt in, leo.', 'Phasellus in felis. Donec semper sapien a libero. Nam dui.', 'Cras mi pede, malesuada in, imperdiet et, commodo vulputate, justo. In blandit ultrices enim. Lorem ipsum dolor sit amet, consectetuer adipiscing elit.', 'Proin leo odio, porttitor id, consequat in, consequat ut, nulla. Sed accumsan felis. Ut at dolor quis odio consequat varius.', 'Etiam vel augue. Vestibulum rutrum rutrum neque. Aenean auctor gravida sem.', 'Curabitur gravida nisi at nibh. In hac habitasse platea dictumst. Aliquam augue quam, sollicitudin vitae, consectetuer eget, rutrum at, lorem.', 'fiZXnBpFRR', 'unique homes', 38, 34, 8, 12, 69, 66, 57);
insert into descriptions (id, title, descriptions, space, access, interactions, notes, reg_number, property_type, guests, bedrooms, beds, bath, sparkling_clean, checkin_exp, great_location) values (41, 'Aliquam non mauris.', 'Morbi non lectus. Aliquam sit amet diam in magna bibendum imperdiet. Nullam orci pede, venenatis non, sodales sed, tincidunt eu, felis.', 'Nullam sit amet turpis elementum ligula vehicula consequat. Morbi a ipsum. Integer a nibh.', 'In quis justo. Maecenas rhoncus aliquam lacus. Morbi quis tortor id nulla ultrices aliquet.', 'Vestibulum quam sapien, varius ut, blandit non, interdum in, ante. Vestibulum ante ipsum primis in faucibus orci luctus et ultrices posuere cubilia Curae; Duis faucibus accumsan odio. Curabitur convallis.', 'Praesent blandit. Nam nulla. Integer pede justo, lacinia eget, tincidunt eget, tempus vel, pede.', '2LtNzfF', 'bed and breakfast', 22, 37, 49, 38, 79, 17, 54);
insert into descriptions (id, title, descriptions, space, access, interactions, notes, reg_number, property_type, guests, bedrooms, beds, bath, sparkling_clean, checkin_exp, great_location) values (42, 'In quis justo.', 'Fusce posuere felis sed lacus. Morbi sem mauris, laoreet ut, rhoncus aliquet, pulvinar sed, nisl. Nunc rhoncus dui vel sem.', 'Maecenas ut massa quis augue luctus tincidunt. Nulla mollis molestie lorem. Quisque ut erat.', 'In quis justo. Maecenas rhoncus aliquam lacus. Morbi quis tortor id nulla ultrices aliquet.', 'Curabitur at ipsum ac tellus semper interdum. Mauris ullamcorper purus sit amet nulla. Quisque arcu libero, rutrum ac, lobortis vel, dapibus at, diam.', 'Cum sociis natoque penatibus et magnis dis parturient montes, nascetur ridiculus mus. Vivamus vestibulum sagittis sapien. Cum sociis natoque penatibus et magnis dis parturient montes, nascetur ridiculus mus.', 'CH0l2dpIy', 'apartment', 0, 28, 18, 33, 76, 57, 49);
insert into descriptions (id, title, descriptions, space, access, interactions, notes, reg_number, property_type, guests, bedrooms, beds, bath, sparkling_clean, checkin_exp, great_location) values (43, 'Proin eu mi.', 'Morbi non lectus. Aliquam sit amet diam in magna bibendum imperdiet. Nullam orci pede, venenatis non, sodales sed, tincidunt eu, felis.', 'Nullam porttitor lacus at turpis. Donec posuere metus vitae ipsum. Aliquam non mauris.', 'Mauris enim leo, rhoncus sed, vestibulum sit amet, cursus id, turpis. Integer aliquet, massa id lobortis convallis, tortor risus dapibus augue, vel accumsan tellus nisi eu orci. Mauris lacinia sapien quis libero.', 'Sed sagittis. Nam congue, risus semper porta volutpat, quam pede lobortis ligula, sit amet eleifend pede libero quis orci. Nullam molestie nibh in lectus.', 'Vestibulum ac est lacinia nisi venenatis tristique. Fusce congue, diam id ornare imperdiet, sapien urna pretium nisl, ut volutpat sapien arcu sed augue. Aliquam erat volutpat.', 'Y5pZPQwAo', 'house', 7, 10, 24, 3, 12, 37, 35);
insert into descriptions (id, title, descriptions, space, access, interactions, notes, reg_number, property_type, guests, bedrooms, beds, bath, sparkling_clean, checkin_exp, great_location) values (44, 'Maecenas tristique, est et tempus semper, est quam pharetra magna, ac consequat metus sapien ut nunc.', 'Suspendisse potenti. In eleifend quam a odio. In hac habitasse platea dictumst.', 'In hac habitasse platea dictumst. Etiam faucibus cursus urna. Ut tellus.', 'Fusce posuere felis sed lacus. Morbi sem mauris, laoreet ut, rhoncus aliquet, pulvinar sed, nisl. Nunc rhoncus dui vel sem.', 'Integer tincidunt ante vel ipsum. Praesent blandit lacinia erat. Vestibulum sed magna at nunc commodo placerat.', 'Integer tincidunt ante vel ipsum. Praesent blandit lacinia erat. Vestibulum sed magna at nunc commodo placerat.', 'wfXWnp', 'unique homes', 48, 4, 39, 6, 92, 8, 50);
insert into descriptions (id, title, descriptions, space, access, interactions, notes, reg_number, property_type, guests, bedrooms, beds, bath, sparkling_clean, checkin_exp, great_location) values (45, 'Donec quis orci eget orci vehicula condimentum.', 'Vestibulum ac est lacinia nisi venenatis tristique. Fusce congue, diam id ornare imperdiet, sapien urna pretium nisl, ut volutpat sapien arcu sed augue. Aliquam erat volutpat.', 'Integer ac leo. Pellentesque ultrices mattis odio. Donec vitae nisi.', 'Vestibulum quam sapien, varius ut, blandit non, interdum in, ante. Vestibulum ante ipsum primis in faucibus orci luctus et ultrices posuere cubilia Curae; Duis faucibus accumsan odio. Curabitur convallis.', 'Fusce consequat. Nulla nisl. Nunc nisl.', 'Morbi porttitor lorem id ligula. Suspendisse ornare consequat lectus. In est risus, auctor sed, tristique in, tempus sit amet, sem.', 'LrutbfXJc', 'bed and breakfast', 3, 35, 38, 35, 71, 31, 65);
insert into descriptions (id, title, descriptions, space, access, interactions, notes, reg_number, property_type, guests, bedrooms, beds, bath, sparkling_clean, checkin_exp, great_location) values (46, 'Nam nulla.', 'Nam ultrices, libero non mattis pulvinar, nulla pede ullamcorper augue, a suscipit nulla elit ac nulla. Sed vel enim sit amet nunc viverra dapibus. Nulla suscipit ligula in lacus.', 'Curabitur at ipsum ac tellus semper interdum. Mauris ullamcorper purus sit amet nulla. Quisque arcu libero, rutrum ac, lobortis vel, dapibus at, diam.', 'Fusce consequat. Nulla nisl. Nunc nisl.', 'Integer ac leo. Pellentesque ultrices mattis odio. Donec vitae nisi.', 'Curabitur at ipsum ac tellus semper interdum. Mauris ullamcorper purus sit amet nulla. Quisque arcu libero, rutrum ac, lobortis vel, dapibus at, diam.', 'JBzvi5K', 'house', 4, 36, 0, 20, 38, 91, 56);
insert into descriptions (id, title, descriptions, space, access, interactions, notes, reg_number, property_type, guests, bedrooms, beds, bath, sparkling_clean, checkin_exp, great_location) values (47, 'Praesent lectus.', 'In hac habitasse platea dictumst. Etiam faucibus cursus urna. Ut tellus.', 'Maecenas tristique, est et tempus semper, est quam pharetra magna, ac consequat metus sapien ut nunc. Vestibulum ante ipsum primis in faucibus orci luctus et ultrices posuere cubilia Curae; Mauris viverra diam vitae quam. Suspendisse potenti.', 'In sagittis dui vel nisl. Duis ac nibh. Fusce lacus purus, aliquet at, feugiat non, pretium quis, lectus.', 'Mauris enim leo, rhoncus sed, vestibulum sit amet, cursus id, turpis. Integer aliquet, massa id lobortis convallis, tortor risus dapibus augue, vel accumsan tellus nisi eu orci. Mauris lacinia sapien quis libero.', 'Nulla ut erat id mauris vulputate elementum. Nullam varius. Nulla facilisi.', 'Rt3H6eP4CxD', 'apartment', 18, 30, 15, 19, 80, 88, 20);
insert into descriptions (id, title, descriptions, space, access, interactions, notes, reg_number, property_type, guests, bedrooms, beds, bath, sparkling_clean, checkin_exp, great_location) values (48, 'Aenean sit amet justo.', 'Nullam sit amet turpis elementum ligula vehicula consequat. Morbi a ipsum. Integer a nibh.', 'Cum sociis natoque penatibus et magnis dis parturient montes, nascetur ridiculus mus. Vivamus vestibulum sagittis sapien. Cum sociis natoque penatibus et magnis dis parturient montes, nascetur ridiculus mus.', 'Vestibulum quam sapien, varius ut, blandit non, interdum in, ante. Vestibulum ante ipsum primis in faucibus orci luctus et ultrices posuere cubilia Curae; Duis faucibus accumsan odio. Curabitur convallis.', 'Pellentesque at nulla. Suspendisse potenti. Cras in purus eu magna vulputate luctus.', 'In congue. Etiam justo. Etiam pretium iaculis justo.', 'xlGunteUYC', 'house', 25, 41, 32, 42, 55, 32, 69);
insert into descriptions (id, title, descriptions, space, access, interactions, notes, reg_number, property_type, guests, bedrooms, beds, bath, sparkling_clean, checkin_exp, great_location) values (49, 'Vivamus in felis eu sapien cursus vestibulum.', 'Nam ultrices, libero non mattis pulvinar, nulla pede ullamcorper augue, a suscipit nulla elit ac nulla. Sed vel enim sit amet nunc viverra dapibus. Nulla suscipit ligula in lacus.', 'Mauris enim leo, rhoncus sed, vestibulum sit amet, cursus id, turpis. Integer aliquet, massa id lobortis convallis, tortor risus dapibus augue, vel accumsan tellus nisi eu orci. Mauris lacinia sapien quis libero.', 'Quisque id justo sit amet sapien dignissim vestibulum. Vestibulum ante ipsum primis in faucibus orci luctus et ultrices posuere cubilia Curae; Nulla dapibus dolor vel est. Donec odio justo, sollicitudin ut, suscipit a, feugiat et, eros.', 'Proin leo odio, porttitor id, consequat in, consequat ut, nulla. Sed accumsan felis. Ut at dolor quis odio consequat varius.', 'Curabitur at ipsum ac tellus semper interdum. Mauris ullamcorper purus sit amet nulla. Quisque arcu libero, rutrum ac, lobortis vel, dapibus at, diam.', 'zowEPT3p6Alr', 'house', 14, 20, 36, 19, 60, 92, 13);
insert into descriptions (id, title, descriptions, space, access, interactions, notes, reg_number, property_type, guests, bedrooms, beds, bath, sparkling_clean, checkin_exp, great_location) values (50, 'Morbi vestibulum, velit id pretium iaculis, diam erat fermentum justo, nec condimentum neque sapien placerat ante.', 'Integer tincidunt ante vel ipsum. Praesent blandit lacinia erat. Vestibulum sed magna at nunc commodo placerat.', 'Integer tincidunt ante vel ipsum. Praesent blandit lacinia erat. Vestibulum sed magna at nunc commodo placerat.', 'In sagittis dui vel nisl. Duis ac nibh. Fusce lacus purus, aliquet at, feugiat non, pretium quis, lectus.', 'Proin leo odio, porttitor id, consequat in, consequat ut, nulla. Sed accumsan felis. Ut at dolor quis odio consequat varius.', 'Morbi non lectus. Aliquam sit amet diam in magna bibendum imperdiet. Nullam orci pede, venenatis non, sodales sed, tincidunt eu, felis.', '3sXY1582', 'apartment', 1, 38, 6, 29, 16, 78, 70);
insert into descriptions (id, title, descriptions, space, access, interactions, notes, reg_number, property_type, guests, bedrooms, beds, bath, sparkling_clean, checkin_exp, great_location) values (51, 'Morbi non quam nec dui luctus rutrum.', 'Morbi porttitor lorem id ligula. Suspendisse ornare consequat lectus. In est risus, auctor sed, tristique in, tempus sit amet, sem.', 'Sed sagittis. Nam congue, risus semper porta volutpat, quam pede lobortis ligula, sit amet eleifend pede libero quis orci. Nullam molestie nibh in lectus.', 'Vestibulum quam sapien, varius ut, blandit non, interdum in, ante. Vestibulum ante ipsum primis in faucibus orci luctus et ultrices posuere cubilia Curae; Duis faucibus accumsan odio. Curabitur convallis.', 'Maecenas tristique, est et tempus semper, est quam pharetra magna, ac consequat metus sapien ut nunc. Vestibulum ante ipsum primis in faucibus orci luctus et ultrices posuere cubilia Curae; Mauris viverra diam vitae quam. Suspendisse potenti.', 'Praesent id massa id nisl venenatis lacinia. Aenean sit amet justo. Morbi ut odio.', 'wvG3Wkwsyl3', 'house', 24, 20, 18, 23, 53, 97, 52);
insert into descriptions (id, title, descriptions, space, access, interactions, notes, reg_number, property_type, guests, bedrooms, beds, bath, sparkling_clean, checkin_exp, great_location) values (52, 'Pellentesque eget nunc.', 'Proin leo odio, porttitor id, consequat in, consequat ut, nulla. Sed accumsan felis. Ut at dolor quis odio consequat varius.', 'In hac habitasse platea dictumst. Morbi vestibulum, velit id pretium iaculis, diam erat fermentum justo, nec condimentum neque sapien placerat ante. Nulla justo.', 'Morbi porttitor lorem id ligula. Suspendisse ornare consequat lectus. In est risus, auctor sed, tristique in, tempus sit amet, sem.', 'Curabitur at ipsum ac tellus semper interdum. Mauris ullamcorper purus sit amet nulla. Quisque arcu libero, rutrum ac, lobortis vel, dapibus at, diam.', 'Curabitur at ipsum ac tellus semper interdum. Mauris ullamcorper purus sit amet nulla. Quisque arcu libero, rutrum ac, lobortis vel, dapibus at, diam.', 'nQaSa7NElcB', 'apartment', 20, 35, 16, 42, 22, 1, 45);
insert into descriptions (id, title, descriptions, space, access, interactions, notes, reg_number, property_type, guests, bedrooms, beds, bath, sparkling_clean, checkin_exp, great_location) values (53, 'Donec ut mauris eget massa tempor convallis.', 'Sed sagittis. Nam congue, risus semper porta volutpat, quam pede lobortis ligula, sit amet eleifend pede libero quis orci. Nullam molestie nibh in lectus.', 'Proin leo odio, porttitor id, consequat in, consequat ut, nulla. Sed accumsan felis. Ut at dolor quis odio consequat varius.', 'Morbi porttitor lorem id ligula. Suspendisse ornare consequat lectus. In est risus, auctor sed, tristique in, tempus sit amet, sem.', 'Mauris enim leo, rhoncus sed, vestibulum sit amet, cursus id, turpis. Integer aliquet, massa id lobortis convallis, tortor risus dapibus augue, vel accumsan tellus nisi eu orci. Mauris lacinia sapien quis libero.', 'Curabitur at ipsum ac tellus semper interdum. Mauris ullamcorper purus sit amet nulla. Quisque arcu libero, rutrum ac, lobortis vel, dapibus at, diam.', 'UHTS5fOvS', 'bed and breakfast', 28, 48, 49, 21, 95, 61, 70);
insert into descriptions (id, title, descriptions, space, access, interactions, notes, reg_number, property_type, guests, bedrooms, beds, bath, sparkling_clean, checkin_exp, great_location) values (54, 'Mauris lacinia sapien quis libero.', 'Mauris enim leo, rhoncus sed, vestibulum sit amet, cursus id, turpis. Integer aliquet, massa id lobortis convallis, tortor risus dapibus augue, vel accumsan tellus nisi eu orci. Mauris lacinia sapien quis libero.', 'In hac habitasse platea dictumst. Etiam faucibus cursus urna. Ut tellus.', 'Sed ante. Vivamus tortor. Duis mattis egestas metus.', 'Integer ac leo. Pellentesque ultrices mattis odio. Donec vitae nisi.', 'Fusce consequat. Nulla nisl. Nunc nisl.', 'n9jox3JvS', 'house', 43, 7, 9, 4, 68, 31, 39);
insert into descriptions (id, title, descriptions, space, access, interactions, notes, reg_number, property_type, guests, bedrooms, beds, bath, sparkling_clean, checkin_exp, great_location) values (55, 'Nam ultrices, libero non mattis pulvinar, nulla pede ullamcorper augue, a suscipit nulla elit ac nulla.', 'Duis bibendum. Morbi non quam nec dui luctus rutrum. Nulla tellus.', 'Curabitur in libero ut massa volutpat convallis. Morbi odio odio, elementum eu, interdum eu, tincidunt in, leo. Maecenas pulvinar lobortis est.', 'In quis justo. Maecenas rhoncus aliquam lacus. Morbi quis tortor id nulla ultrices aliquet.', 'Maecenas ut massa quis augue luctus tincidunt. Nulla mollis molestie lorem. Quisque ut erat.', 'Fusce posuere felis sed lacus. Morbi sem mauris, laoreet ut, rhoncus aliquet, pulvinar sed, nisl. Nunc rhoncus dui vel sem.', 'QJlJUTjV2Kd', 'apartment', 49, 21, 16, 20, 45, 21, 13);
insert into descriptions (id, title, descriptions, space, access, interactions, notes, reg_number, property_type, guests, bedrooms, beds, bath, sparkling_clean, checkin_exp, great_location) values (56, 'Morbi quis tortor id nulla ultrices aliquet.', 'Morbi non lectus. Aliquam sit amet diam in magna bibendum imperdiet. Nullam orci pede, venenatis non, sodales sed, tincidunt eu, felis.', 'Donec diam neque, vestibulum eget, vulputate ut, ultrices vel, augue. Vestibulum ante ipsum primis in faucibus orci luctus et ultrices posuere cubilia Curae; Donec pharetra, magna vestibulum aliquet ultrices, erat tortor sollicitudin mi, sit amet lobortis sapien sapien non mi. Integer ac neque.', 'Nullam porttitor lacus at turpis. Donec posuere metus vitae ipsum. Aliquam non mauris.', 'Proin leo odio, porttitor id, consequat in, consequat ut, nulla. Sed accumsan felis. Ut at dolor quis odio consequat varius.', 'Lorem ipsum dolor sit amet, consectetuer adipiscing elit. Proin risus. Praesent lectus.', '2omk5WbAkxc', 'house', 24, 39, 44, 9, 27, 66, 28);
insert into descriptions (id, title, descriptions, space, access, interactions, notes, reg_number, property_type, guests, bedrooms, beds, bath, sparkling_clean, checkin_exp, great_location) values (57, 'Nulla tempus.', 'Quisque id justo sit amet sapien dignissim vestibulum. Vestibulum ante ipsum primis in faucibus orci luctus et ultrices posuere cubilia Curae; Nulla dapibus dolor vel est. Donec odio justo, sollicitudin ut, suscipit a, feugiat et, eros.', 'Quisque id justo sit amet sapien dignissim vestibulum. Vestibulum ante ipsum primis in faucibus orci luctus et ultrices posuere cubilia Curae; Nulla dapibus dolor vel est. Donec odio justo, sollicitudin ut, suscipit a, feugiat et, eros.', 'Nullam sit amet turpis elementum ligula vehicula consequat. Morbi a ipsum. Integer a nibh.', 'Vestibulum ac est lacinia nisi venenatis tristique. Fusce congue, diam id ornare imperdiet, sapien urna pretium nisl, ut volutpat sapien arcu sed augue. Aliquam erat volutpat.', 'Sed sagittis. Nam congue, risus semper porta volutpat, quam pede lobortis ligula, sit amet eleifend pede libero quis orci. Nullam molestie nibh in lectus.', 'OrgOaCbcfL', 'apartment', 5, 9, 5, 8, 55, 43, 19);
insert into descriptions (id, title, descriptions, space, access, interactions, notes, reg_number, property_type, guests, bedrooms, beds, bath, sparkling_clean, checkin_exp, great_location) values (58, 'Morbi sem mauris, laoreet ut, rhoncus aliquet, pulvinar sed, nisl.', 'In sagittis dui vel nisl. Duis ac nibh. Fusce lacus purus, aliquet at, feugiat non, pretium quis, lectus.', 'Curabitur in libero ut massa volutpat convallis. Morbi odio odio, elementum eu, interdum eu, tincidunt in, leo. Maecenas pulvinar lobortis est.', 'Mauris enim leo, rhoncus sed, vestibulum sit amet, cursus id, turpis. Integer aliquet, massa id lobortis convallis, tortor risus dapibus augue, vel accumsan tellus nisi eu orci. Mauris lacinia sapien quis libero.', 'Suspendisse potenti. In eleifend quam a odio. In hac habitasse platea dictumst.', 'Morbi non lectus. Aliquam sit amet diam in magna bibendum imperdiet. Nullam orci pede, venenatis non, sodales sed, tincidunt eu, felis.', 'AS0wKm', 'apartment', 48, 44, 42, 38, 98, 9, 79);
insert into descriptions (id, title, descriptions, space, access, interactions, notes, reg_number, property_type, guests, bedrooms, beds, bath, sparkling_clean, checkin_exp, great_location) values (59, 'Nam tristique tortor eu pede.', 'Integer ac leo. Pellentesque ultrices mattis odio. Donec vitae nisi.', 'Cras mi pede, malesuada in, imperdiet et, commodo vulputate, justo. In blandit ultrices enim. Lorem ipsum dolor sit amet, consectetuer adipiscing elit.', 'Vestibulum ac est lacinia nisi venenatis tristique. Fusce congue, diam id ornare imperdiet, sapien urna pretium nisl, ut volutpat sapien arcu sed augue. Aliquam erat volutpat.', 'Cras non velit nec nisi vulputate nonummy. Maecenas tincidunt lacus at velit. Vivamus vel nulla eget eros elementum pellentesque.', 'Mauris enim leo, rhoncus sed, vestibulum sit amet, cursus id, turpis. Integer aliquet, massa id lobortis convallis, tortor risus dapibus augue, vel accumsan tellus nisi eu orci. Mauris lacinia sapien quis libero.', 'OvJyUI', 'bed and breakfast', 42, 12, 29, 33, 89, 46, 47);
insert into descriptions (id, title, descriptions, space, access, interactions, notes, reg_number, property_type, guests, bedrooms, beds, bath, sparkling_clean, checkin_exp, great_location) values (60, 'Phasellus in felis.', 'Duis bibendum. Morbi non quam nec dui luctus rutrum. Nulla tellus.', 'Praesent id massa id nisl venenatis lacinia. Aenean sit amet justo. Morbi ut odio.', 'Duis aliquam convallis nunc. Proin at turpis a pede posuere nonummy. Integer non velit.', 'Quisque id justo sit amet sapien dignissim vestibulum. Vestibulum ante ipsum primis in faucibus orci luctus et ultrices posuere cubilia Curae; Nulla dapibus dolor vel est. Donec odio justo, sollicitudin ut, suscipit a, feugiat et, eros.', 'Curabitur gravida nisi at nibh. In hac habitasse platea dictumst. Aliquam augue quam, sollicitudin vitae, consectetuer eget, rutrum at, lorem.', 'ruKmGIgxJXc', 'apartment', 41, 2, 23, 31, 75, 6, 45);
insert into descriptions (id, title, descriptions, space, access, interactions, notes, reg_number, property_type, guests, bedrooms, beds, bath, sparkling_clean, checkin_exp, great_location) values (61, 'Praesent id massa id nisl venenatis lacinia.', 'Etiam vel augue. Vestibulum rutrum rutrum neque. Aenean auctor gravida sem.', 'Proin eu mi. Nulla ac enim. In tempor, turpis nec euismod scelerisque, quam turpis adipiscing lorem, vitae mattis nibh ligula nec sem.', 'Pellentesque at nulla. Suspendisse potenti. Cras in purus eu magna vulputate luctus.', 'Phasellus sit amet erat. Nulla tempus. Vivamus in felis eu sapien cursus vestibulum.', 'Maecenas leo odio, condimentum id, luctus nec, molestie sed, justo. Pellentesque viverra pede ac diam. Cras pellentesque volutpat dui.', 'nlWry5L9dCV', 'unique homes', 17, 25, 48, 7, 98, 39, 24);
insert into descriptions (id, title, descriptions, space, access, interactions, notes, reg_number, property_type, guests, bedrooms, beds, bath, sparkling_clean, checkin_exp, great_location) values (62, 'Sed sagittis.', 'Vestibulum ac est lacinia nisi venenatis tristique. Fusce congue, diam id ornare imperdiet, sapien urna pretium nisl, ut volutpat sapien arcu sed augue. Aliquam erat volutpat.', 'In congue. Etiam justo. Etiam pretium iaculis justo.', 'Morbi non lectus. Aliquam sit amet diam in magna bibendum imperdiet. Nullam orci pede, venenatis non, sodales sed, tincidunt eu, felis.', 'Quisque porta volutpat erat. Quisque erat eros, viverra eget, congue eget, semper rutrum, nulla. Nunc purus.', 'Suspendisse potenti. In eleifend quam a odio. In hac habitasse platea dictumst.', 'sUeMWv92A2O', 'unique homes', 11, 41, 30, 47, 26, 15, 35);
insert into descriptions (id, title, descriptions, space, access, interactions, notes, reg_number, property_type, guests, bedrooms, beds, bath, sparkling_clean, checkin_exp, great_location) values (63, 'Nam tristique tortor eu pede.', 'In congue. Etiam justo. Etiam pretium iaculis justo.', 'Aenean fermentum. Donec ut mauris eget massa tempor convallis. Nulla neque libero, convallis eget, eleifend luctus, ultricies eu, nibh.', 'Aenean fermentum. Donec ut mauris eget massa tempor convallis. Nulla neque libero, convallis eget, eleifend luctus, ultricies eu, nibh.', 'In quis justo. Maecenas rhoncus aliquam lacus. Morbi quis tortor id nulla ultrices aliquet.', 'Maecenas leo odio, condimentum id, luctus nec, molestie sed, justo. Pellentesque viverra pede ac diam. Cras pellentesque volutpat dui.', 'tDwIuwCVX', 'house', 46, 1, 11, 34, 42, 66, 5);
insert into descriptions (id, title, descriptions, space, access, interactions, notes, reg_number, property_type, guests, bedrooms, beds, bath, sparkling_clean, checkin_exp, great_location) values (64, 'Cras mi pede, malesuada in, imperdiet et, commodo vulputate, justo.', 'Maecenas leo odio, condimentum id, luctus nec, molestie sed, justo. Pellentesque viverra pede ac diam. Cras pellentesque volutpat dui.', 'In hac habitasse platea dictumst. Etiam faucibus cursus urna. Ut tellus.', 'Proin leo odio, porttitor id, consequat in, consequat ut, nulla. Sed accumsan felis. Ut at dolor quis odio consequat varius.', 'Suspendisse potenti. In eleifend quam a odio. In hac habitasse platea dictumst.', 'Vestibulum quam sapien, varius ut, blandit non, interdum in, ante. Vestibulum ante ipsum primis in faucibus orci luctus et ultrices posuere cubilia Curae; Duis faucibus accumsan odio. Curabitur convallis.', 'j1yDwpInYeNM', 'bed and breakfast', 19, 22, 43, 16, 77, 35, 77);
insert into descriptions (id, title, descriptions, space, access, interactions, notes, reg_number, property_type, guests, bedrooms, beds, bath, sparkling_clean, checkin_exp, great_location) values (65, 'In eleifend quam a odio.', 'Integer ac leo. Pellentesque ultrices mattis odio. Donec vitae nisi.', 'Duis aliquam convallis nunc. Proin at turpis a pede posuere nonummy. Integer non velit.', 'Praesent id massa id nisl venenatis lacinia. Aenean sit amet justo. Morbi ut odio.', 'Cum sociis natoque penatibus et magnis dis parturient montes, nascetur ridiculus mus. Vivamus vestibulum sagittis sapien. Cum sociis natoque penatibus et magnis dis parturient montes, nascetur ridiculus mus.', 'Sed ante. Vivamus tortor. Duis mattis egestas metus.', 'kn9bir', 'apartment', 37, 25, 20, 28, 32, 97, 1);
insert into descriptions (id, title, descriptions, space, access, interactions, notes, reg_number, property_type, guests, bedrooms, beds, bath, sparkling_clean, checkin_exp, great_location) values (66, 'Integer tincidunt ante vel ipsum.', 'Aenean lectus. Pellentesque eget nunc. Donec quis orci eget orci vehicula condimentum.', 'Morbi non lectus. Aliquam sit amet diam in magna bibendum imperdiet. Nullam orci pede, venenatis non, sodales sed, tincidunt eu, felis.', 'Morbi non lectus. Aliquam sit amet diam in magna bibendum imperdiet. Nullam orci pede, venenatis non, sodales sed, tincidunt eu, felis.', 'Sed sagittis. Nam congue, risus semper porta volutpat, quam pede lobortis ligula, sit amet eleifend pede libero quis orci. Nullam molestie nibh in lectus.', 'Morbi non lectus. Aliquam sit amet diam in magna bibendum imperdiet. Nullam orci pede, venenatis non, sodales sed, tincidunt eu, felis.', 'TqN3Aq', 'unique homes', 9, 15, 17, 22, 82, 52, 72);
insert into descriptions (id, title, descriptions, space, access, interactions, notes, reg_number, property_type, guests, bedrooms, beds, bath, sparkling_clean, checkin_exp, great_location) values (67, 'Integer a nibh.', 'Cum sociis natoque penatibus et magnis dis parturient montes, nascetur ridiculus mus. Vivamus vestibulum sagittis sapien. Cum sociis natoque penatibus et magnis dis parturient montes, nascetur ridiculus mus.', 'Aliquam quis turpis eget elit sodales scelerisque. Mauris sit amet eros. Suspendisse accumsan tortor quis turpis.', 'Cras mi pede, malesuada in, imperdiet et, commodo vulputate, justo. In blandit ultrices enim. Lorem ipsum dolor sit amet, consectetuer adipiscing elit.', 'Maecenas tristique, est et tempus semper, est quam pharetra magna, ac consequat metus sapien ut nunc. Vestibulum ante ipsum primis in faucibus orci luctus et ultrices posuere cubilia Curae; Mauris viverra diam vitae quam. Suspendisse potenti.', 'Quisque id justo sit amet sapien dignissim vestibulum. Vestibulum ante ipsum primis in faucibus orci luctus et ultrices posuere cubilia Curae; Nulla dapibus dolor vel est. Donec odio justo, sollicitudin ut, suscipit a, feugiat et, eros.', 'IPzCPE', 'apartment', 5, 30, 46, 20, 46, 40, 54);
insert into descriptions (id, title, descriptions, space, access, interactions, notes, reg_number, property_type, guests, bedrooms, beds, bath, sparkling_clean, checkin_exp, great_location) values (68, 'Maecenas leo odio, condimentum id, luctus nec, molestie sed, justo.', 'Sed sagittis. Nam congue, risus semper porta volutpat, quam pede lobortis ligula, sit amet eleifend pede libero quis orci. Nullam molestie nibh in lectus.', 'In sagittis dui vel nisl. Duis ac nibh. Fusce lacus purus, aliquet at, feugiat non, pretium quis, lectus.', 'In sagittis dui vel nisl. Duis ac nibh. Fusce lacus purus, aliquet at, feugiat non, pretium quis, lectus.', 'Integer tincidunt ante vel ipsum. Praesent blandit lacinia erat. Vestibulum sed magna at nunc commodo placerat.', 'Curabitur in libero ut massa volutpat convallis. Morbi odio odio, elementum eu, interdum eu, tincidunt in, leo. Maecenas pulvinar lobortis est.', '50en2btOSa', 'bed and breakfast', 37, 8, 45, 40, 95, 39, 78);
insert into descriptions (id, title, descriptions, space, access, interactions, notes, reg_number, property_type, guests, bedrooms, beds, bath, sparkling_clean, checkin_exp, great_location) values (69, 'Curabitur in libero ut massa volutpat convallis.', 'Maecenas leo odio, condimentum id, luctus nec, molestie sed, justo. Pellentesque viverra pede ac diam. Cras pellentesque volutpat dui.', 'Suspendisse potenti. In eleifend quam a odio. In hac habitasse platea dictumst.', 'Morbi porttitor lorem id ligula. Suspendisse ornare consequat lectus. In est risus, auctor sed, tristique in, tempus sit amet, sem.', 'Integer tincidunt ante vel ipsum. Praesent blandit lacinia erat. Vestibulum sed magna at nunc commodo placerat.', 'Vestibulum quam sapien, varius ut, blandit non, interdum in, ante. Vestibulum ante ipsum primis in faucibus orci luctus et ultrices posuere cubilia Curae; Duis faucibus accumsan odio. Curabitur convallis.', 'RXCy5mUvCI', 'unique homes', 49, 39, 50, 9, 93, 62, 58);
insert into descriptions (id, title, descriptions, space, access, interactions, notes, reg_number, property_type, guests, bedrooms, beds, bath, sparkling_clean, checkin_exp, great_location) values (70, 'Aliquam augue quam, sollicitudin vitae, consectetuer eget, rutrum at, lorem.', 'Vestibulum ac est lacinia nisi venenatis tristique. Fusce congue, diam id ornare imperdiet, sapien urna pretium nisl, ut volutpat sapien arcu sed augue. Aliquam erat volutpat.', 'Vestibulum ac est lacinia nisi venenatis tristique. Fusce congue, diam id ornare imperdiet, sapien urna pretium nisl, ut volutpat sapien arcu sed augue. Aliquam erat volutpat.', 'Integer tincidunt ante vel ipsum. Praesent blandit lacinia erat. Vestibulum sed magna at nunc commodo placerat.', 'Proin interdum mauris non ligula pellentesque ultrices. Phasellus id sapien in sapien iaculis congue. Vivamus metus arcu, adipiscing molestie, hendrerit at, vulputate vitae, nisl.', 'Duis consequat dui nec nisi volutpat eleifend. Donec ut dolor. Morbi vel lectus in quam fringilla rhoncus.', '1lKHkAJ', 'unique homes', 41, 48, 14, 14, 60, 13, 4);
insert into descriptions (id, title, descriptions, space, access, interactions, notes, reg_number, property_type, guests, bedrooms, beds, bath, sparkling_clean, checkin_exp, great_location) values (71, 'Sed ante.', 'Morbi porttitor lorem id ligula. Suspendisse ornare consequat lectus. In est risus, auctor sed, tristique in, tempus sit amet, sem.', 'Mauris enim leo, rhoncus sed, vestibulum sit amet, cursus id, turpis. Integer aliquet, massa id lobortis convallis, tortor risus dapibus augue, vel accumsan tellus nisi eu orci. Mauris lacinia sapien quis libero.', 'Vestibulum quam sapien, varius ut, blandit non, interdum in, ante. Vestibulum ante ipsum primis in faucibus orci luctus et ultrices posuere cubilia Curae; Duis faucibus accumsan odio. Curabitur convallis.', 'Duis bibendum. Morbi non quam nec dui luctus rutrum. Nulla tellus.', 'Proin eu mi. Nulla ac enim. In tempor, turpis nec euismod scelerisque, quam turpis adipiscing lorem, vitae mattis nibh ligula nec sem.', '0UQ9eZK', 'bed and breakfast', 6, 34, 27, 6, 69, 10, 94);
insert into descriptions (id, title, descriptions, space, access, interactions, notes, reg_number, property_type, guests, bedrooms, beds, bath, sparkling_clean, checkin_exp, great_location) values (72, 'Duis ac nibh.', 'Proin leo odio, porttitor id, consequat in, consequat ut, nulla. Sed accumsan felis. Ut at dolor quis odio consequat varius.', 'Phasellus sit amet erat. Nulla tempus. Vivamus in felis eu sapien cursus vestibulum.', 'Nullam sit amet turpis elementum ligula vehicula consequat. Morbi a ipsum. Integer a nibh.', 'In quis justo. Maecenas rhoncus aliquam lacus. Morbi quis tortor id nulla ultrices aliquet.', 'Integer tincidunt ante vel ipsum. Praesent blandit lacinia erat. Vestibulum sed magna at nunc commodo placerat.', 'UkMzCQYyPwVo', 'apartment', 19, 25, 27, 18, 62, 31, 100);
insert into descriptions (id, title, descriptions, space, access, interactions, notes, reg_number, property_type, guests, bedrooms, beds, bath, sparkling_clean, checkin_exp, great_location) values (73, 'Aliquam sit amet diam in magna bibendum imperdiet.', 'Donec diam neque, vestibulum eget, vulputate ut, ultrices vel, augue. Vestibulum ante ipsum primis in faucibus orci luctus et ultrices posuere cubilia Curae; Donec pharetra, magna vestibulum aliquet ultrices, erat tortor sollicitudin mi, sit amet lobortis sapien sapien non mi. Integer ac neque.', 'Mauris enim leo, rhoncus sed, vestibulum sit amet, cursus id, turpis. Integer aliquet, massa id lobortis convallis, tortor risus dapibus augue, vel accumsan tellus nisi eu orci. Mauris lacinia sapien quis libero.', 'Lorem ipsum dolor sit amet, consectetuer adipiscing elit. Proin risus. Praesent lectus.', 'Suspendisse potenti. In eleifend quam a odio. In hac habitasse platea dictumst.', 'Maecenas leo odio, condimentum id, luctus nec, molestie sed, justo. Pellentesque viverra pede ac diam. Cras pellentesque volutpat dui.', 'QXgG7YYlhj3', 'apartment', 15, 28, 48, 11, 98, 26, 54);
insert into descriptions (id, title, descriptions, space, access, interactions, notes, reg_number, property_type, guests, bedrooms, beds, bath, sparkling_clean, checkin_exp, great_location) values (74, 'Suspendisse ornare consequat lectus.', 'Quisque id justo sit amet sapien dignissim vestibulum. Vestibulum ante ipsum primis in faucibus orci luctus et ultrices posuere cubilia Curae; Nulla dapibus dolor vel est. Donec odio justo, sollicitudin ut, suscipit a, feugiat et, eros.', 'Fusce consequat. Nulla nisl. Nunc nisl.', 'Curabitur gravida nisi at nibh. In hac habitasse platea dictumst. Aliquam augue quam, sollicitudin vitae, consectetuer eget, rutrum at, lorem.', 'Maecenas leo odio, condimentum id, luctus nec, molestie sed, justo. Pellentesque viverra pede ac diam. Cras pellentesque volutpat dui.', 'Nulla ut erat id mauris vulputate elementum. Nullam varius. Nulla facilisi.', 'lQg7PEKHOqHn', 'unique homes', 5, 22, 16, 49, 72, 72, 49);
insert into descriptions (id, title, descriptions, space, access, interactions, notes, reg_number, property_type, guests, bedrooms, beds, bath, sparkling_clean, checkin_exp, great_location) values (75, 'Donec ut mauris eget massa tempor convallis.', 'Morbi non lectus. Aliquam sit amet diam in magna bibendum imperdiet. Nullam orci pede, venenatis non, sodales sed, tincidunt eu, felis.', 'Praesent blandit. Nam nulla. Integer pede justo, lacinia eget, tincidunt eget, tempus vel, pede.', 'Curabitur in libero ut massa volutpat convallis. Morbi odio odio, elementum eu, interdum eu, tincidunt in, leo. Maecenas pulvinar lobortis est.', 'Curabitur gravida nisi at nibh. In hac habitasse platea dictumst. Aliquam augue quam, sollicitudin vitae, consectetuer eget, rutrum at, lorem.', 'Aliquam quis turpis eget elit sodales scelerisque. Mauris sit amet eros. Suspendisse accumsan tortor quis turpis.', '6XEVhxr', 'unique homes', 48, 50, 7, 36, 80, 48, 75);
insert into descriptions (id, title, descriptions, space, access, interactions, notes, reg_number, property_type, guests, bedrooms, beds, bath, sparkling_clean, checkin_exp, great_location) values (76, 'Nulla tellus.', 'Maecenas leo odio, condimentum id, luctus nec, molestie sed, justo. Pellentesque viverra pede ac diam. Cras pellentesque volutpat dui.', 'Duis bibendum, felis sed interdum venenatis, turpis enim blandit mi, in porttitor pede justo eu massa. Donec dapibus. Duis at velit eu est congue elementum.', 'Phasellus sit amet erat. Nulla tempus. Vivamus in felis eu sapien cursus vestibulum.', 'Sed ante. Vivamus tortor. Duis mattis egestas metus.', 'Integer tincidunt ante vel ipsum. Praesent blandit lacinia erat. Vestibulum sed magna at nunc commodo placerat.', 'PxhIuAQInP', 'house', 0, 21, 49, 33, 18, 17, 58);
insert into descriptions (id, title, descriptions, space, access, interactions, notes, reg_number, property_type, guests, bedrooms, beds, bath, sparkling_clean, checkin_exp, great_location) values (77, 'Suspendisse accumsan tortor quis turpis.', 'Aenean fermentum. Donec ut mauris eget massa tempor convallis. Nulla neque libero, convallis eget, eleifend luctus, ultricies eu, nibh.', 'Quisque porta volutpat erat. Quisque erat eros, viverra eget, congue eget, semper rutrum, nulla. Nunc purus.', 'Curabitur in libero ut massa volutpat convallis. Morbi odio odio, elementum eu, interdum eu, tincidunt in, leo. Maecenas pulvinar lobortis est.', 'Lorem ipsum dolor sit amet, consectetuer adipiscing elit. Proin risus. Praesent lectus.', 'Suspendisse potenti. In eleifend quam a odio. In hac habitasse platea dictumst.', 'a79l1LkC', 'unique homes', 10, 8, 8, 19, 61, 51, 64);
insert into descriptions (id, title, descriptions, space, access, interactions, notes, reg_number, property_type, guests, bedrooms, beds, bath, sparkling_clean, checkin_exp, great_location) values (78, 'Etiam pretium iaculis justo.', 'In congue. Etiam justo. Etiam pretium iaculis justo.', 'Praesent blandit. Nam nulla. Integer pede justo, lacinia eget, tincidunt eget, tempus vel, pede.', 'Duis aliquam convallis nunc. Proin at turpis a pede posuere nonummy. Integer non velit.', 'Nam ultrices, libero non mattis pulvinar, nulla pede ullamcorper augue, a suscipit nulla elit ac nulla. Sed vel enim sit amet nunc viverra dapibus. Nulla suscipit ligula in lacus.', 'Phasellus in felis. Donec semper sapien a libero. Nam dui.', 'zG8jCyUns6Cy', 'bed and breakfast', 25, 32, 7, 42, 78, 85, 37);
insert into descriptions (id, title, descriptions, space, access, interactions, notes, reg_number, property_type, guests, bedrooms, beds, bath, sparkling_clean, checkin_exp, great_location) values (79, 'Nullam varius.', 'Pellentesque at nulla. Suspendisse potenti. Cras in purus eu magna vulputate luctus.', 'Duis bibendum. Morbi non quam nec dui luctus rutrum. Nulla tellus.', 'Donec diam neque, vestibulum eget, vulputate ut, ultrices vel, augue. Vestibulum ante ipsum primis in faucibus orci luctus et ultrices posuere cubilia Curae; Donec pharetra, magna vestibulum aliquet ultrices, erat tortor sollicitudin mi, sit amet lobortis sapien sapien non mi. Integer ac neque.', 'In hac habitasse platea dictumst. Morbi vestibulum, velit id pretium iaculis, diam erat fermentum justo, nec condimentum neque sapien placerat ante. Nulla justo.', 'Praesent id massa id nisl venenatis lacinia. Aenean sit amet justo. Morbi ut odio.', 'BqJr7jzS', 'house', 49, 1, 17, 34, 69, 68, 45);
insert into descriptions (id, title, descriptions, space, access, interactions, notes, reg_number, property_type, guests, bedrooms, beds, bath, sparkling_clean, checkin_exp, great_location) values (80, 'Phasellus id sapien in sapien iaculis congue.', 'Etiam vel augue. Vestibulum rutrum rutrum neque. Aenean auctor gravida sem.', 'Aenean fermentum. Donec ut mauris eget massa tempor convallis. Nulla neque libero, convallis eget, eleifend luctus, ultricies eu, nibh.', 'Duis consequat dui nec nisi volutpat eleifend. Donec ut dolor. Morbi vel lectus in quam fringilla rhoncus.', 'In congue. Etiam justo. Etiam pretium iaculis justo.', 'Integer ac leo. Pellentesque ultrices mattis odio. Donec vitae nisi.', 'sMHNHruE', 'unique homes', 28, 7, 15, 46, 49, 48, 24);
insert into descriptions (id, title, descriptions, space, access, interactions, notes, reg_number, property_type, guests, bedrooms, beds, bath, sparkling_clean, checkin_exp, great_location) values (81, 'Curabitur convallis.', 'Integer tincidunt ante vel ipsum. Praesent blandit lacinia erat. Vestibulum sed magna at nunc commodo placerat.', 'Nulla ut erat id mauris vulputate elementum. Nullam varius. Nulla facilisi.', 'Phasellus sit amet erat. Nulla tempus. Vivamus in felis eu sapien cursus vestibulum.', 'Nullam porttitor lacus at turpis. Donec posuere metus vitae ipsum. Aliquam non mauris.', 'Curabitur gravida nisi at nibh. In hac habitasse platea dictumst. Aliquam augue quam, sollicitudin vitae, consectetuer eget, rutrum at, lorem.', '5rJbNYbQ', 'apartment', 10, 35, 28, 40, 68, 27, 71);
insert into descriptions (id, title, descriptions, space, access, interactions, notes, reg_number, property_type, guests, bedrooms, beds, bath, sparkling_clean, checkin_exp, great_location) values (82, 'Nulla ac enim.', 'Vestibulum quam sapien, varius ut, blandit non, interdum in, ante. Vestibulum ante ipsum primis in faucibus orci luctus et ultrices posuere cubilia Curae; Duis faucibus accumsan odio. Curabitur convallis.', 'Nullam sit amet turpis elementum ligula vehicula consequat. Morbi a ipsum. Integer a nibh.', 'Proin interdum mauris non ligula pellentesque ultrices. Phasellus id sapien in sapien iaculis congue. Vivamus metus arcu, adipiscing molestie, hendrerit at, vulputate vitae, nisl.', 'Maecenas leo odio, condimentum id, luctus nec, molestie sed, justo. Pellentesque viverra pede ac diam. Cras pellentesque volutpat dui.', 'Curabitur in libero ut massa volutpat convallis. Morbi odio odio, elementum eu, interdum eu, tincidunt in, leo. Maecenas pulvinar lobortis est.', 'yNEkPZLd', 'apartment', 48, 31, 7, 42, 25, 57, 84);
insert into descriptions (id, title, descriptions, space, access, interactions, notes, reg_number, property_type, guests, bedrooms, beds, bath, sparkling_clean, checkin_exp, great_location) values (83, 'Mauris sit amet eros.', 'Duis bibendum, felis sed interdum venenatis, turpis enim blandit mi, in porttitor pede justo eu massa. Donec dapibus. Duis at velit eu est congue elementum.', 'Phasellus sit amet erat. Nulla tempus. Vivamus in felis eu sapien cursus vestibulum.', 'In sagittis dui vel nisl. Duis ac nibh. Fusce lacus purus, aliquet at, feugiat non, pretium quis, lectus.', 'Morbi non lectus. Aliquam sit amet diam in magna bibendum imperdiet. Nullam orci pede, venenatis non, sodales sed, tincidunt eu, felis.', 'Mauris enim leo, rhoncus sed, vestibulum sit amet, cursus id, turpis. Integer aliquet, massa id lobortis convallis, tortor risus dapibus augue, vel accumsan tellus nisi eu orci. Mauris lacinia sapien quis libero.', 'nTM8EuRk7yn', 'unique homes', 12, 15, 40, 21, 28, 60, 43);
insert into descriptions (id, title, descriptions, space, access, interactions, notes, reg_number, property_type, guests, bedrooms, beds, bath, sparkling_clean, checkin_exp, great_location) values (84, 'Integer non velit.', 'Maecenas ut massa quis augue luctus tincidunt. Nulla mollis molestie lorem. Quisque ut erat.', 'Curabitur in libero ut massa volutpat convallis. Morbi odio odio, elementum eu, interdum eu, tincidunt in, leo. Maecenas pulvinar lobortis est.', 'Cum sociis natoque penatibus et magnis dis parturient montes, nascetur ridiculus mus. Vivamus vestibulum sagittis sapien. Cum sociis natoque penatibus et magnis dis parturient montes, nascetur ridiculus mus.', 'Pellentesque at nulla. Suspendisse potenti. Cras in purus eu magna vulputate luctus.', 'Maecenas leo odio, condimentum id, luctus nec, molestie sed, justo. Pellentesque viverra pede ac diam. Cras pellentesque volutpat dui.', 'FMvT54fEu', 'apartment', 2, 45, 19, 44, 54, 79, 79);
insert into descriptions (id, title, descriptions, space, access, interactions, notes, reg_number, property_type, guests, bedrooms, beds, bath, sparkling_clean, checkin_exp, great_location) values (85, 'Aenean fermentum.', 'Integer tincidunt ante vel ipsum. Praesent blandit lacinia erat. Vestibulum sed magna at nunc commodo placerat.', 'Duis bibendum. Morbi non quam nec dui luctus rutrum. Nulla tellus.', 'Integer ac leo. Pellentesque ultrices mattis odio. Donec vitae nisi.', 'Curabitur at ipsum ac tellus semper interdum. Mauris ullamcorper purus sit amet nulla. Quisque arcu libero, rutrum ac, lobortis vel, dapibus at, diam.', 'Nam ultrices, libero non mattis pulvinar, nulla pede ullamcorper augue, a suscipit nulla elit ac nulla. Sed vel enim sit amet nunc viverra dapibus. Nulla suscipit ligula in lacus.', 'pzuDpMkuO5s', 'unique homes', 20, 9, 13, 20, 29, 86, 87);
insert into descriptions (id, title, descriptions, space, access, interactions, notes, reg_number, property_type, guests, bedrooms, beds, bath, sparkling_clean, checkin_exp, great_location) values (86, 'Nulla tellus.', 'Praesent blandit. Nam nulla. Integer pede justo, lacinia eget, tincidunt eget, tempus vel, pede.', 'Maecenas tristique, est et tempus semper, est quam pharetra magna, ac consequat metus sapien ut nunc. Vestibulum ante ipsum primis in faucibus orci luctus et ultrices posuere cubilia Curae; Mauris viverra diam vitae quam. Suspendisse potenti.', 'Phasellus in felis. Donec semper sapien a libero. Nam dui.', 'Aliquam quis turpis eget elit sodales scelerisque. Mauris sit amet eros. Suspendisse accumsan tortor quis turpis.', 'Maecenas ut massa quis augue luctus tincidunt. Nulla mollis molestie lorem. Quisque ut erat.', 'GqOsgh', 'house', 18, 23, 16, 7, 88, 89, 13);
insert into descriptions (id, title, descriptions, space, access, interactions, notes, reg_number, property_type, guests, bedrooms, beds, bath, sparkling_clean, checkin_exp, great_location) values (87, 'Vivamus metus arcu, adipiscing molestie, hendrerit at, vulputate vitae, nisl.', 'Integer tincidunt ante vel ipsum. Praesent blandit lacinia erat. Vestibulum sed magna at nunc commodo placerat.', 'Sed ante. Vivamus tortor. Duis mattis egestas metus.', 'Curabitur gravida nisi at nibh. In hac habitasse platea dictumst. Aliquam augue quam, sollicitudin vitae, consectetuer eget, rutrum at, lorem.', 'In hac habitasse platea dictumst. Morbi vestibulum, velit id pretium iaculis, diam erat fermentum justo, nec condimentum neque sapien placerat ante. Nulla justo.', 'Nullam porttitor lacus at turpis. Donec posuere metus vitae ipsum. Aliquam non mauris.', 'uQzsW5', 'unique homes', 22, 6, 50, 47, 29, 23, 46);
insert into descriptions (id, title, descriptions, space, access, interactions, notes, reg_number, property_type, guests, bedrooms, beds, bath, sparkling_clean, checkin_exp, great_location) values (88, 'In est risus, auctor sed, tristique in, tempus sit amet, sem.', 'Curabitur in libero ut massa volutpat convallis. Morbi odio odio, elementum eu, interdum eu, tincidunt in, leo. Maecenas pulvinar lobortis est.', 'Integer ac leo. Pellentesque ultrices mattis odio. Donec vitae nisi.', 'Integer tincidunt ante vel ipsum. Praesent blandit lacinia erat. Vestibulum sed magna at nunc commodo placerat.', 'Sed sagittis. Nam congue, risus semper porta volutpat, quam pede lobortis ligula, sit amet eleifend pede libero quis orci. Nullam molestie nibh in lectus.', 'Curabitur gravida nisi at nibh. In hac habitasse platea dictumst. Aliquam augue quam, sollicitudin vitae, consectetuer eget, rutrum at, lorem.', 'nEWTvwqyCFxo', 'bed and breakfast', 34, 28, 9, 15, 89, 48, 100);
insert into descriptions (id, title, descriptions, space, access, interactions, notes, reg_number, property_type, guests, bedrooms, beds, bath, sparkling_clean, checkin_exp, great_location) values (89, 'Nam tristique tortor eu pede.', 'Nullam porttitor lacus at turpis. Donec posuere metus vitae ipsum. Aliquam non mauris.', 'Aenean lectus. Pellentesque eget nunc. Donec quis orci eget orci vehicula condimentum.', 'Cras mi pede, malesuada in, imperdiet et, commodo vulputate, justo. In blandit ultrices enim. Lorem ipsum dolor sit amet, consectetuer adipiscing elit.', 'Aenean lectus. Pellentesque eget nunc. Donec quis orci eget orci vehicula condimentum.', 'Proin leo odio, porttitor id, consequat in, consequat ut, nulla. Sed accumsan felis. Ut at dolor quis odio consequat varius.', 'QtN1mEZJ2y', 'unique homes', 20, 46, 24, 34, 65, 30, 66);
insert into descriptions (id, title, descriptions, space, access, interactions, notes, reg_number, property_type, guests, bedrooms, beds, bath, sparkling_clean, checkin_exp, great_location) values (90, 'Donec quis orci eget orci vehicula condimentum.', 'Vestibulum ac est lacinia nisi venenatis tristique. Fusce congue, diam id ornare imperdiet, sapien urna pretium nisl, ut volutpat sapien arcu sed augue. Aliquam erat volutpat.', 'Curabitur gravida nisi at nibh. In hac habitasse platea dictumst. Aliquam augue quam, sollicitudin vitae, consectetuer eget, rutrum at, lorem.', 'In quis justo. Maecenas rhoncus aliquam lacus. Morbi quis tortor id nulla ultrices aliquet.', 'Maecenas leo odio, condimentum id, luctus nec, molestie sed, justo. Pellentesque viverra pede ac diam. Cras pellentesque volutpat dui.', 'Curabitur gravida nisi at nibh. In hac habitasse platea dictumst. Aliquam augue quam, sollicitudin vitae, consectetuer eget, rutrum at, lorem.', 'Yn13vxkp16y', 'house', 41, 40, 29, 14, 2, 38, 66);
insert into descriptions (id, title, descriptions, space, access, interactions, notes, reg_number, property_type, guests, bedrooms, beds, bath, sparkling_clean, checkin_exp, great_location) values (91, 'Vivamus tortor.', 'Curabitur gravida nisi at nibh. In hac habitasse platea dictumst. Aliquam augue quam, sollicitudin vitae, consectetuer eget, rutrum at, lorem.', 'Praesent id massa id nisl venenatis lacinia. Aenean sit amet justo. Morbi ut odio.', 'Quisque porta volutpat erat. Quisque erat eros, viverra eget, congue eget, semper rutrum, nulla. Nunc purus.', 'Cum sociis natoque penatibus et magnis dis parturient montes, nascetur ridiculus mus. Vivamus vestibulum sagittis sapien. Cum sociis natoque penatibus et magnis dis parturient montes, nascetur ridiculus mus.', 'Integer ac leo. Pellentesque ultrices mattis odio. Donec vitae nisi.', 'JMNLOlTowX', 'house', 27, 4, 33, 43, 17, 39, 74);
insert into descriptions (id, title, descriptions, space, access, interactions, notes, reg_number, property_type, guests, bedrooms, beds, bath, sparkling_clean, checkin_exp, great_location) values (92, 'Aliquam sit amet diam in magna bibendum imperdiet.', 'Aliquam quis turpis eget elit sodales scelerisque. Mauris sit amet eros. Suspendisse accumsan tortor quis turpis.', 'Etiam vel augue. Vestibulum rutrum rutrum neque. Aenean auctor gravida sem.', 'Lorem ipsum dolor sit amet, consectetuer adipiscing elit. Proin risus. Praesent lectus.', 'Fusce consequat. Nulla nisl. Nunc nisl.', 'In congue. Etiam justo. Etiam pretium iaculis justo.', '0L8dwkjed', 'house', 2, 22, 32, 27, 78, 66, 22);
insert into descriptions (id, title, descriptions, space, access, interactions, notes, reg_number, property_type, guests, bedrooms, beds, bath, sparkling_clean, checkin_exp, great_location) values (93, 'Donec semper sapien a libero.', 'Duis bibendum, felis sed interdum venenatis, turpis enim blandit mi, in porttitor pede justo eu massa. Donec dapibus. Duis at velit eu est congue elementum.', 'In hac habitasse platea dictumst. Morbi vestibulum, velit id pretium iaculis, diam erat fermentum justo, nec condimentum neque sapien placerat ante. Nulla justo.', 'In sagittis dui vel nisl. Duis ac nibh. Fusce lacus purus, aliquet at, feugiat non, pretium quis, lectus.', 'Cum sociis natoque penatibus et magnis dis parturient montes, nascetur ridiculus mus. Vivamus vestibulum sagittis sapien. Cum sociis natoque penatibus et magnis dis parturient montes, nascetur ridiculus mus.', 'Morbi non lectus. Aliquam sit amet diam in magna bibendum imperdiet. Nullam orci pede, venenatis non, sodales sed, tincidunt eu, felis.', 'wQLcTQhe', 'house', 10, 36, 37, 32, 4, 46, 70);
insert into descriptions (id, title, descriptions, space, access, interactions, notes, reg_number, property_type, guests, bedrooms, beds, bath, sparkling_clean, checkin_exp, great_location) values (94, 'Fusce posuere felis sed lacus.', 'Nullam sit amet turpis elementum ligula vehicula consequat. Morbi a ipsum. Integer a nibh.', 'Cras non velit nec nisi vulputate nonummy. Maecenas tincidunt lacus at velit. Vivamus vel nulla eget eros elementum pellentesque.', 'Pellentesque at nulla. Suspendisse potenti. Cras in purus eu magna vulputate luctus.', 'Aenean fermentum. Donec ut mauris eget massa tempor convallis. Nulla neque libero, convallis eget, eleifend luctus, ultricies eu, nibh.', 'Curabitur gravida nisi at nibh. In hac habitasse platea dictumst. Aliquam augue quam, sollicitudin vitae, consectetuer eget, rutrum at, lorem.', 'YpyC4G3', 'house', 35, 20, 10, 14, 71, 26, 99);
insert into descriptions (id, title, descriptions, space, access, interactions, notes, reg_number, property_type, guests, bedrooms, beds, bath, sparkling_clean, checkin_exp, great_location) values (95, 'Ut at dolor quis odio consequat varius.', 'Maecenas ut massa quis augue luctus tincidunt. Nulla mollis molestie lorem. Quisque ut erat.', 'Quisque porta volutpat erat. Quisque erat eros, viverra eget, congue eget, semper rutrum, nulla. Nunc purus.', 'Maecenas tristique, est et tempus semper, est quam pharetra magna, ac consequat metus sapien ut nunc. Vestibulum ante ipsum primis in faucibus orci luctus et ultrices posuere cubilia Curae; Mauris viverra diam vitae quam. Suspendisse potenti.', 'Cras non velit nec nisi vulputate nonummy. Maecenas tincidunt lacus at velit. Vivamus vel nulla eget eros elementum pellentesque.', 'Curabitur in libero ut massa volutpat convallis. Morbi odio odio, elementum eu, interdum eu, tincidunt in, leo. Maecenas pulvinar lobortis est.', 'QAa4uvDYph', 'bed and breakfast', 25, 3, 16, 16, 29, 35, 13);
insert into descriptions (id, title, descriptions, space, access, interactions, notes, reg_number, property_type, guests, bedrooms, beds, bath, sparkling_clean, checkin_exp, great_location) values (96, 'Pellentesque ultrices mattis odio.', 'Cras non velit nec nisi vulputate nonummy. Maecenas tincidunt lacus at velit. Vivamus vel nulla eget eros elementum pellentesque.', 'Duis bibendum, felis sed interdum venenatis, turpis enim blandit mi, in porttitor pede justo eu massa. Donec dapibus. Duis at velit eu est congue elementum.', 'Nullam sit amet turpis elementum ligula vehicula consequat. Morbi a ipsum. Integer a nibh.', 'Morbi non lectus. Aliquam sit amet diam in magna bibendum imperdiet. Nullam orci pede, venenatis non, sodales sed, tincidunt eu, felis.', 'Aenean fermentum. Donec ut mauris eget massa tempor convallis. Nulla neque libero, convallis eget, eleifend luctus, ultricies eu, nibh.', '57NfbR2h6C', 'house', 45, 48, 28, 31, 41, 26, 9);
insert into descriptions (id, title, descriptions, space, access, interactions, notes, reg_number, property_type, guests, bedrooms, beds, bath, sparkling_clean, checkin_exp, great_location) values (97, 'Pellentesque ultrices mattis odio.', 'Sed sagittis. Nam congue, risus semper porta volutpat, quam pede lobortis ligula, sit amet eleifend pede libero quis orci. Nullam molestie nibh in lectus.', 'In quis justo. Maecenas rhoncus aliquam lacus. Morbi quis tortor id nulla ultrices aliquet.', 'Curabitur at ipsum ac tellus semper interdum. Mauris ullamcorper purus sit amet nulla. Quisque arcu libero, rutrum ac, lobortis vel, dapibus at, diam.', 'Proin interdum mauris non ligula pellentesque ultrices. Phasellus id sapien in sapien iaculis congue. Vivamus metus arcu, adipiscing molestie, hendrerit at, vulputate vitae, nisl.', 'In quis justo. Maecenas rhoncus aliquam lacus. Morbi quis tortor id nulla ultrices aliquet.', '7DGepQsP9C4', 'bed and breakfast', 6, 18, 39, 42, 73, 96, 11);
insert into descriptions (id, title, descriptions, space, access, interactions, notes, reg_number, property_type, guests, bedrooms, beds, bath, sparkling_clean, checkin_exp, great_location) values (98, 'Maecenas ut massa quis augue luctus tincidunt.', 'Duis bibendum, felis sed interdum venenatis, turpis enim blandit mi, in porttitor pede justo eu massa. Donec dapibus. Duis at velit eu est congue elementum.', 'Vestibulum quam sapien, varius ut, blandit non, interdum in, ante. Vestibulum ante ipsum primis in faucibus orci luctus et ultrices posuere cubilia Curae; Duis faucibus accumsan odio. Curabitur convallis.', 'Duis bibendum, felis sed interdum venenatis, turpis enim blandit mi, in porttitor pede justo eu massa. Donec dapibus. Duis at velit eu est congue elementum.', 'Duis consequat dui nec nisi volutpat eleifend. Donec ut dolor. Morbi vel lectus in quam fringilla rhoncus.', 'In sagittis dui vel nisl. Duis ac nibh. Fusce lacus purus, aliquet at, feugiat non, pretium quis, lectus.', '5oRzuBl', 'house', 7, 9, 9, 49, 9, 33, 99);
insert into descriptions (id, title, descriptions, space, access, interactions, notes, reg_number, property_type, guests, bedrooms, beds, bath, sparkling_clean, checkin_exp, great_location) values (99, 'In blandit ultrices enim.', 'Sed sagittis. Nam congue, risus semper porta volutpat, quam pede lobortis ligula, sit amet eleifend pede libero quis orci. Nullam molestie nibh in lectus.', 'Curabitur at ipsum ac tellus semper interdum. Mauris ullamcorper purus sit amet nulla. Quisque arcu libero, rutrum ac, lobortis vel, dapibus at, diam.', 'In congue. Etiam justo. Etiam pretium iaculis justo.', 'In hac habitasse platea dictumst. Morbi vestibulum, velit id pretium iaculis, diam erat fermentum justo, nec condimentum neque sapien placerat ante. Nulla justo.', 'Proin interdum mauris non ligula pellentesque ultrices. Phasellus id sapien in sapien iaculis congue. Vivamus metus arcu, adipiscing molestie, hendrerit at, vulputate vitae, nisl.', 'l1vhf7A2', 'house', 41, 12, 11, 4, 57, 57, 66);
insert into descriptions (id, title, descriptions, space, access, interactions, notes, reg_number, property_type, guests, bedrooms, beds, bath, sparkling_clean, checkin_exp, great_location) values (100, 'Donec odio justo, sollicitudin ut, suscipit a, feugiat et, eros.', 'Nam ultrices, libero non mattis pulvinar, nulla pede ullamcorper augue, a suscipit nulla elit ac nulla. Sed vel enim sit amet nunc viverra dapibus. Nulla suscipit ligula in lacus.', 'In quis justo. Maecenas rhoncus aliquam lacus. Morbi quis tortor id nulla ultrices aliquet.', 'Vestibulum quam sapien, varius ut, blandit non, interdum in, ante. Vestibulum ante ipsum primis in faucibus orci luctus et ultrices posuere cubilia Curae; Duis faucibus accumsan odio. Curabitur convallis.', 'Fusce consequat. Nulla nisl. Nunc nisl.', 'Lorem ipsum dolor sit amet, consectetuer adipiscing elit. Proin risus. Praesent lectus.', 'jkDDwkFE5x', 'bed and breakfast', 0, 43, 6, 30, 5, 64, 11);
-- description_to_amenities
INSERT INTO description_to_amenities (description_id, amenities_id) VALUES (17, 9);
INSERT INTO description_to_amenities (description_id, amenities_id) VALUES (88, 25);
INSERT INTO description_to_amenities (description_id, amenities_id) VALUES (96, 8);
INSERT INTO description_to_amenities (description_id, amenities_id) VALUES (96, 25);
INSERT INTO description_to_amenities (description_id, amenities_id) VALUES (70, 4);
INSERT INTO description_to_amenities (description_id, amenities_id) VALUES (22, 5);
INSERT INTO description_to_amenities (description_id, amenities_id) VALUES (27, 24);
INSERT INTO description_to_amenities (description_id, amenities_id) VALUES (45, 23);
INSERT INTO description_to_amenities (description_id, amenities_id) VALUES (51, 8);
INSERT INTO description_to_amenities (description_id, amenities_id) VALUES (76, 11);
INSERT INTO description_to_amenities (description_id, amenities_id) VALUES (29, 5);
INSERT INTO description_to_amenities (description_id, amenities_id) VALUES (51, 11);
INSERT INTO description_to_amenities (description_id, amenities_id) VALUES (83, 16);
INSERT INTO description_to_amenities (description_id, amenities_id) VALUES (76, 16);
INSERT INTO description_to_amenities (description_id, amenities_id) VALUES (23, 16);
INSERT INTO description_to_amenities (description_id, amenities_id) VALUES (89, 14);
INSERT INTO description_to_amenities (description_id, amenities_id) VALUES (48, 12);
INSERT INTO description_to_amenities (description_id, amenities_id) VALUES (70, 10);
INSERT INTO description_to_amenities (description_id, amenities_id) VALUES (37, 3);
INSERT INTO description_to_amenities (description_id, amenities_id) VALUES (81, 16);
INSERT INTO description_to_amenities (description_id, amenities_id) VALUES (47, 2);
INSERT INTO description_to_amenities (description_id, amenities_id) VALUES (21, 17);
INSERT INTO description_to_amenities (description_id, amenities_id) VALUES (12, 20);
INSERT INTO description_to_amenities (description_id, amenities_id) VALUES (61, 16);
INSERT INTO description_to_amenities (description_id, amenities_id) VALUES (76, 24);
INSERT INTO description_to_amenities (description_id, amenities_id) VALUES (8, 13);
INSERT INTO description_to_amenities (description_id, amenities_id) VALUES (42, 25);
INSERT INTO description_to_amenities (description_id, amenities_id) VALUES (35, 10);
INSERT INTO description_to_amenities (description_id, amenities_id) VALUES (24, 7);
INSERT INTO description_to_amenities (description_id, amenities_id) VALUES (28, 5);
INSERT INTO description_to_amenities (description_id, amenities_id) VALUES (37, 23);
INSERT INTO description_to_amenities (description_id, amenities_id) VALUES (92, 3);
INSERT INTO description_to_amenities (description_id, amenities_id) VALUES (38, 15);
INSERT INTO description_to_amenities (description_id, amenities_id) VALUES (39, 22);
INSERT INTO description_to_amenities (description_id, amenities_id) VALUES (34, 22);
INSERT INTO description_to_amenities (description_id, amenities_id) VALUES (81, 18);
INSERT INTO description_to_amenities (description_id, amenities_id) VALUES (84, 25);
INSERT INTO description_to_amenities (description_id, amenities_id) VALUES (23, 14);
INSERT INTO description_to_amenities (description_id, amenities_id) VALUES (99, 5);
INSERT INTO description_to_amenities (description_id, amenities_id) VALUES (25, 12);
INSERT INTO description_to_amenities (description_id, amenities_id) VALUES (77, 12);
INSERT INTO description_to_amenities (description_id, amenities_id) VALUES (12, 14);
INSERT INTO description_to_amenities (description_id, amenities_id) VALUES (49, 2);
INSERT INTO description_to_amenities (description_id, amenities_id) VALUES (96, 7);
INSERT INTO description_to_amenities (description_id, amenities_id) VALUES (2, 22);
INSERT INTO description_to_amenities (description_id, amenities_id) VALUES (35, 12);
INSERT INTO description_to_amenities (description_id, amenities_id) VALUES (61, 19);
INSERT INTO description_to_amenities (description_id, amenities_id) VALUES (78, 1);
INSERT INTO description_to_amenities (description_id, amenities_id) VALUES (82, 23);
INSERT INTO description_to_amenities (description_id, amenities_id) VALUES (42, 19);
INSERT INTO description_to_amenities (description_id, amenities_id) VALUES (9, 20);
INSERT INTO description_to_amenities (description_id, amenities_id) VALUES (68, 13);
INSERT INTO description_to_amenities (description_id, amenities_id) VALUES (10, 18);
INSERT INTO description_to_amenities (description_id, amenities_id) VALUES (50, 6);
INSERT INTO description_to_amenities (description_id, amenities_id) VALUES (25, 17);
INSERT INTO description_to_amenities (description_id, amenities_id) VALUES (6, 14);
INSERT INTO description_to_amenities (description_id, amenities_id) VALUES (43, 19);
INSERT INTO description_to_amenities (description_id, amenities_id) VALUES (44, 4);
INSERT INTO description_to_amenities (description_id, amenities_id) VALUES (5, 19);
INSERT INTO description_to_amenities (description_id, amenities_id) VALUES (22, 12);
INSERT INTO description_to_amenities (description_id, amenities_id) VALUES (64, 19);
INSERT INTO description_to_amenities (description_id, amenities_id) VALUES (73, 3);
INSERT INTO description_to_amenities (description_id, amenities_id) VALUES (11, 14);
INSERT INTO description_to_amenities (description_id, amenities_id) VALUES (77, 13);
INSERT INTO description_to_amenities (description_id, amenities_id) VALUES (36, 5);
INSERT INTO description_to_amenities (description_id, amenities_id) VALUES (50, 11);
INSERT INTO description_to_amenities (description_id, amenities_id) VALUES (44, 2);
INSERT INTO description_to_amenities (description_id, amenities_id) VALUES (89, 15);
INSERT INTO description_to_amenities (description_id, amenities_id) VALUES (34, 7);
INSERT INTO description_to_amenities (description_id, amenities_id) VALUES (78, 24);
INSERT INTO description_to_amenities (description_id, amenities_id) VALUES (3, 24);
INSERT INTO description_to_amenities (description_id, amenities_id) VALUES (82, 7);
INSERT INTO description_to_amenities (description_id, amenities_id) VALUES (53, 11);
INSERT INTO description_to_amenities (description_id, amenities_id) VALUES (29, 2);
INSERT INTO description_to_amenities (description_id, amenities_id) VALUES (81, 23);
INSERT INTO description_to_amenities (description_id, amenities_id) VALUES (91, 11);
INSERT INTO description_to_amenities (description_id, amenities_id) VALUES (10, 25);
INSERT INTO description_to_amenities (description_id, amenities_id) VALUES (88, 16);
INSERT INTO description_to_amenities (description_id, amenities_id) VALUES (35, 10);
INSERT INTO description_to_amenities (description_id, amenities_id) VALUES (5, 21);
INSERT INTO description_to_amenities (description_id, amenities_id) VALUES (27, 14);
INSERT INTO description_to_amenities (description_id, amenities_id) VALUES (40, 24);
INSERT INTO description_to_amenities (description_id, amenities_id) VALUES (99, 3);
INSERT INTO description_to_amenities (description_id, amenities_id) VALUES (65, 2);
INSERT INTO description_to_amenities (description_id, amenities_id) VALUES (59, 21);
INSERT INTO description_to_amenities (description_id, amenities_id) VALUES (77, 20);
INSERT INTO description_to_amenities (description_id, amenities_id) VALUES (83, 21);
INSERT INTO description_to_amenities (description_id, amenities_id) VALUES (73, 20);
INSERT INTO description_to_amenities (description_id, amenities_id) VALUES (64, 7);
INSERT INTO description_to_amenities (description_id, amenities_id) VALUES (43, 22);
INSERT INTO description_to_amenities (description_id, amenities_id) VALUES (100, 9);
INSERT INTO description_to_amenities (description_id, amenities_id) VALUES (49, 25);
INSERT INTO description_to_amenities (description_id, amenities_id) VALUES (67, 25);
INSERT INTO description_to_amenities (description_id, amenities_id) VALUES (6, 11);
INSERT INTO description_to_amenities (description_id, amenities_id) VALUES (7, 15);
INSERT INTO description_to_amenities (description_id, amenities_id) VALUES (48, 23);
INSERT INTO description_to_amenities (description_id, amenities_id) VALUES (58, 23);
INSERT INTO description_to_amenities (description_id, amenities_id) VALUES (99, 19);
INSERT INTO description_to_amenities (description_id, amenities_id) VALUES (55, 22);
INSERT INTO description_to_amenities (description_id, amenities_id) VALUES (24, 25);

-- description_to_rules
INSERT INTO description_to_house_rules (description_id, house_rules_id) VALUES (52, 1);
INSERT INTO description_to_house_rules (description_id, house_rules_id) VALUES (28, 7);
INSERT INTO description_to_house_rules (description_id, house_rules_id) VALUES (99, 6);
INSERT INTO description_to_house_rules (description_id, house_rules_id) VALUES (21, 5);
INSERT INTO description_to_house_rules (description_id, house_rules_id) VALUES (66, 5);
INSERT INTO description_to_house_rules (description_id, house_rules_id) VALUES (57, 2);
INSERT INTO description_to_house_rules (description_id, house_rules_id) VALUES (81, 4);
INSERT INTO description_to_house_rules (description_id, house_rules_id) VALUES (34, 1);
INSERT INTO description_to_house_rules (description_id, house_rules_id) VALUES (70, 7);
INSERT INTO description_to_house_rules (description_id, house_rules_id) VALUES (74, 4);
INSERT INTO description_to_house_rules (description_id, house_rules_id) VALUES (70, 8);
INSERT INTO description_to_house_rules (description_id, house_rules_id) VALUES (67, 7);
INSERT INTO description_to_house_rules (description_id, house_rules_id) VALUES (74, 8);
INSERT INTO description_to_house_rules (description_id, house_rules_id) VALUES (33, 2);
INSERT INTO description_to_house_rules (description_id, house_rules_id) VALUES (70, 9);
INSERT INTO description_to_house_rules (description_id, house_rules_id) VALUES (89, 8);
INSERT INTO description_to_house_rules (description_id, house_rules_id) VALUES (76, 3);
INSERT INTO description_to_house_rules (description_id, house_rules_id) VALUES (84, 1);
INSERT INTO description_to_house_rules (description_id, house_rules_id) VALUES (66, 3);
INSERT INTO description_to_house_rules (description_id, house_rules_id) VALUES (20, 1);
INSERT INTO description_to_house_rules (description_id, house_rules_id) VALUES (30, 4);
INSERT INTO description_to_house_rules (description_id, house_rules_id) VALUES (65, 7);
INSERT INTO description_to_house_rules (description_id, house_rules_id) VALUES (75, 3);
INSERT INTO description_to_house_rules (description_id, house_rules_id) VALUES (96, 3);
INSERT INTO description_to_house_rules (description_id, house_rules_id) VALUES (74, 5);
INSERT INTO description_to_house_rules (description_id, house_rules_id) VALUES (70, 7);
INSERT INTO description_to_house_rules (description_id, house_rules_id) VALUES (91, 4);
INSERT INTO description_to_house_rules (description_id, house_rules_id) VALUES (64, 8);
INSERT INTO description_to_house_rules (description_id, house_rules_id) VALUES (58, 5);
INSERT INTO description_to_house_rules (description_id, house_rules_id) VALUES (54, 5);
INSERT INTO description_to_house_rules (description_id, house_rules_id) VALUES (55, 1);
INSERT INTO description_to_house_rules (description_id, house_rules_id) VALUES (15, 1);
INSERT INTO description_to_house_rules (description_id, house_rules_id) VALUES (83, 4);
INSERT INTO description_to_house_rules (description_id, house_rules_id) VALUES (55, 9);
INSERT INTO description_to_house_rules (description_id, house_rules_id) VALUES (53, 1);
INSERT INTO description_to_house_rules (description_id, house_rules_id) VALUES (40, 6);
INSERT INTO description_to_house_rules (description_id, house_rules_id) VALUES (97, 2);
INSERT INTO description_to_house_rules (description_id, house_rules_id) VALUES (70, 5);
INSERT INTO description_to_house_rules (description_id, house_rules_id) VALUES (53, 2);
INSERT INTO description_to_house_rules (description_id, house_rules_id) VALUES (13, 3);
INSERT INTO description_to_house_rules (description_id, house_rules_id) VALUES (87, 7);
INSERT INTO description_to_house_rules (description_id, house_rules_id) VALUES (67, 8);
INSERT INTO description_to_house_rules (description_id, house_rules_id) VALUES (3, 1);
INSERT INTO description_to_house_rules (description_id, house_rules_id) VALUES (91, 1);
INSERT INTO description_to_house_rules (description_id, house_rules_id) VALUES (72, 9);
INSERT INTO description_to_house_rules (description_id, house_rules_id) VALUES (11, 4);
INSERT INTO description_to_house_rules (description_id, house_rules_id) VALUES (39, 8);
INSERT INTO description_to_house_rules (description_id, house_rules_id) VALUES (49, 7);
INSERT INTO description_to_house_rules (description_id, house_rules_id) VALUES (52, 1);
INSERT INTO description_to_house_rules (description_id, house_rules_id) VALUES (53, 8);
INSERT INTO description_to_house_rules (description_id, house_rules_id) VALUES (87, 8);
INSERT INTO description_to_house_rules (description_id, house_rules_id) VALUES (1, 9);
INSERT INTO description_to_house_rules (description_id, house_rules_id) VALUES (40, 3);
INSERT INTO description_to_house_rules (description_id, house_rules_id) VALUES (11, 5);
INSERT INTO description_to_house_rules (description_id, house_rules_id) VALUES (57, 7);
INSERT INTO description_to_house_rules (description_id, house_rules_id) VALUES (2, 4);
INSERT INTO description_to_house_rules (description_id, house_rules_id) VALUES (74, 6);
INSERT INTO description_to_house_rules (description_id, house_rules_id) VALUES (24, 3);
INSERT INTO description_to_house_rules (description_id, house_rules_id) VALUES (43, 8);
INSERT INTO description_to_house_rules (description_id, house_rules_id) VALUES (13, 1);
INSERT INTO description_to_house_rules (description_id, house_rules_id) VALUES (84, 2);
INSERT INTO description_to_house_rules (description_id, house_rules_id) VALUES (62, 9);
INSERT INTO description_to_house_rules (description_id, house_rules_id) VALUES (38, 7);
INSERT INTO description_to_house_rules (description_id, house_rules_id) VALUES (10, 5);
INSERT INTO description_to_house_rules (description_id, house_rules_id) VALUES (74, 4);
INSERT INTO description_to_house_rules (description_id, house_rules_id) VALUES (2, 5);
INSERT INTO description_to_house_rules (description_id, house_rules_id) VALUES (1, 4);
INSERT INTO description_to_house_rules (description_id, house_rules_id) VALUES (78, 3);
INSERT INTO description_to_house_rules (description_id, house_rules_id) VALUES (50, 6);
INSERT INTO description_to_house_rules (description_id, house_rules_id) VALUES (85, 9);
INSERT INTO description_to_house_rules (description_id, house_rules_id) VALUES (15, 6);
INSERT INTO description_to_house_rules (description_id, house_rules_id) VALUES (28, 9);
INSERT INTO description_to_house_rules (description_id, house_rules_id) VALUES (29, 4);
INSERT INTO description_to_house_rules (description_id, house_rules_id) VALUES (25, 2);
INSERT INTO description_to_house_rules (description_id, house_rules_id) VALUES (99, 1);
INSERT INTO description_to_house_rules (description_id, house_rules_id) VALUES (84, 7);
INSERT INTO description_to_house_rules (description_id, house_rules_id) VALUES (89, 4);
INSERT INTO description_to_house_rules (description_id, house_rules_id) VALUES (62, 8);
INSERT INTO description_to_house_rules (description_id, house_rules_id) VALUES (90, 1);
INSERT INTO description_to_house_rules (description_id, house_rules_id) VALUES (17, 4);
INSERT INTO description_to_house_rules (description_id, house_rules_id) VALUES (43, 9);
INSERT INTO description_to_house_rules (description_id, house_rules_id) VALUES (85, 8);
INSERT INTO description_to_house_rules (description_id, house_rules_id) VALUES (63, 7);
INSERT INTO description_to_house_rules (description_id, house_rules_id) VALUES (1, 5);
INSERT INTO description_to_house_rules (description_id, house_rules_id) VALUES (59, 9);
INSERT INTO description_to_house_rules (description_id, house_rules_id) VALUES (50, 1);
INSERT INTO description_to_house_rules (description_id, house_rules_id) VALUES (54, 7);
INSERT INTO description_to_house_rules (description_id, house_rules_id) VALUES (66, 5);
INSERT INTO description_to_house_rules (description_id, house_rules_id) VALUES (82, 4);
INSERT INTO description_to_house_rules (description_id, house_rules_id) VALUES (14, 7);
INSERT INTO description_to_house_rules (description_id, house_rules_id) VALUES (97, 6);
INSERT INTO description_to_house_rules (description_id, house_rules_id) VALUES (78, 7);
INSERT INTO description_to_house_rules (description_id, house_rules_id) VALUES (95, 9);
INSERT INTO description_to_house_rules (description_id, house_rules_id) VALUES (36, 9);
INSERT INTO description_to_house_rules (description_id, house_rules_id) VALUES (10, 7);
INSERT INTO description_to_house_rules (description_id, house_rules_id) VALUES (20, 2);
INSERT INTO description_to_house_rules (description_id, house_rules_id) VALUES (19, 1);
INSERT INTO description_to_house_rules (description_id, house_rules_id) VALUES (43, 1);
INSERT INTO description_to_house_rules (description_id, house_rules_id) VALUES (99, 5);
INSERT INTO description_to_house_rules (description_id, house_rules_id) VALUES (45, 5);



-- --amenity
--   --Basic
    -- Wifi
    -- Air conditioning
    -- Indoor fireplace
    -- Dryer
    -- Washer
    -- Laptop friendly workplace
    -- TV
    -- Iron
    -- Essentials 
    -- Heating

  -- Facilities
  --   Free parking on premises
  --   Elevator
  --   Pool
  --   Hot tub
  --   Gym

  -- Dining
  --   Kitchen
  --   Breakfast

  -- Guest access
  --   Private entrance

  -- Bed and bath
  --   Hangers
  --   Hair Dryer
  --   Shampoo

  -- Safety features
  --   First aid kit
  --   Fire extinguisher
  --   Carbon monoxide detector
  --   Smoke detector


-- --guest check in
--   -- from: flexible - 1AM
--   -- to: flexible - 2AM
-- 
-- -- stay
--   --min: no min
--   --max: no max


-- SELECT  FROM description, amenities, rules, description_to_amenities, description_to_house_rules 
-- JOIN description ON description_to_amenities
-- WHERE description.id = description_to_amenities.description_id
-- JOIN description_to_amenities ON amenities  
-- WHERE description_to_amenities.id = amenities.id
-- JOIN description ON description_to_house_rules
-- WHERE description.id = description_to_house_rules.description_id
-- JOIN description_to_house_rules ON house_rules
-- WHERE description_to_house_rules.house_rules_id = house_rules.id