DROP DATABASE IF EXISTS airfec;

CREATE DATABASE airfec;

USE airfec;

CREATE TABLE descriptions (
  id INT NOT NULL AUTO_INCREMENT,
  title TEXT NOT NULL,
  descriptions TEXT NOT NULL,
  space TEXT NOT NULL,
  access TEXT NOT NULL,
  interactions TEXT NOT NULL,
  notes TEXT,
  property_type VARCHAR(17) NOT NULL,
  guests INT NOT NULL,
  beds INT NOT NULL, 
  bedrooms INT NOT NULL,
  bath INT NOT NULL,
  sparkling_clean INT,
  checkin_exp INT,
  great_location INT,
  PRIMARY KEY (id)
);


CREATE TABLE amenities (
  id INT NOT NULL AUTO_INCREMENT,
  amenities VARCHAR(30), 
  PRIMARY KEY (id) 
);

CREATE TABLE house_rules (
  id INT NOT NULL AUTO_INCREMENT, 
  house_rules VARCHAR(50), 
  PRIMARY KEY(id)    
);

CREATE TABLE description_to_amenities (
  description_id INT NOT NULL,
  amenities_id INT NOT NULL,
  FOREIGN KEY (description_id) 
    REFERENCES descriptions (id),
  FOREIGN KEY (amenities_id) 
    REFERENCES amenities (id)
);

CREATE TABLE description_to_house_rules (
  description_id INT NOT NULL,
  house_rules_id INT NOT NULL,
  FOREIGN KEY (description_id)
    REFERENCES descriptions (id), 
  FOREIGN KEY (house_rules_id)
    REFERENCES house_rules (id)
);

INSERT INTO amenities (id, amenities) VALUES 
  (1, 'Wifi'), 
  (2, 'Air Conditioning'), 
  (3, 'Indoor fireplace'), 
  (4, 'Dryer'), 
  (5, 'Washer'), 
  (6, 'Laptop friendly workplace'),
  (7, 'TV'), 
  (8, 'Iron'),
  (9, 'Essentials'), 
  (10, 'Heating'), 
  (11, 'Free parking on premises'),
  (12, 'Elevator'),
  (13, 'Pool'),
  (14, 'Hot tub'),
  (15, 'Gym'),
  (16, 'Kitchen'),
  (17, 'Breakfast'),
  (18, 'Private entrance'),
  (19, 'Hangers'),
  (20, 'Hair Dryer'),
  (21, 'Shampoo'),
  (22, 'First Aid kit'),
  (23, 'Fire extinguisher'),
  (24, 'Carbon monoxide detector'),
  (25, 'Smoke detector');

INSERT INTO house_rules (id, house_rules) VALUES 
  (1, 'Dangerous animals on property'),
  (2, 'Pet(s) live on property'),
  (3, 'Amenity limitations'),
  (4, 'No parking on property'),
  (5, 'Potential for noise'),
  (6, 'Must climb stairs'),
  (7, 'Some spaces are shared'),
  (8, 'Surveillance or recording devices on property'),
  (9, 'Weapons on property'); 

-- --description
insert into descriptions (id, title, descriptions, space, access, interactions, notes, property_type, guests, bedrooms, beds, bath, sparkling_clean, checkin_exp, great_location) values (1, 'Aliquam sit amet diam in magna bibendum imperdiet.', 'Integer tincidunt ante vel ipsum. Praesent blandit lacinia erat. Vestibulum sed magna at nunc commodo placerat.', 'Quisque porta volutpat erat. Quisque erat eros, viverra eget, congue eget, semper rutrum, nulla. Nunc purus.', 'Nullam porttitor lacus at turpis. Donec posuere metus vitae ipsum. Aliquam non mauris.', 'In quis justo. Maecenas rhoncus aliquam lacus. Morbi quis tortor id nulla ultrices aliquet.', 'Duis bibendum. Morbi non quam nec dui luctus rutrum. Nulla tellus.', 'apartment', 39, 16, 40, 41, 87, 47, 41);
insert into descriptions (id, title, descriptions, space, access, interactions, notes, property_type, guests, bedrooms, beds, bath, sparkling_clean, checkin_exp, great_location) values (2, 'In quis justo.', 'Nullam sit amet turpis elementum ligula vehicula consequat. Morbi a ipsum. Integer a nibh.', 'Nullam porttitor lacus at turpis. Donec posuere metus vitae ipsum. Aliquam non mauris.', 'Donec diam neque, vestibulum eget, vulputate ut, ultrices vel, augue. Vestibulum ante ipsum primis in faucibus orci luctus et ultrices posuere cubilia Curae; Donec pharetra, magna vestibulum aliquet ultrices, erat tortor sollicitudin mi, sit amet lobortis sapien sapien non mi. Integer ac neque.', 'Sed ante. Vivamus tortor. Duis mattis egestas metus.', 'Cras non velit nec nisi vulputate nonummy. Maecenas tincidunt lacus at velit. Vivamus vel nulla eget eros elementum pellentesque.', 'bed and breakfast', 46, 38, 43, 18, 53, 35, 97);
insert into descriptions (id, title, descriptions, space, access, interactions, notes, property_type, guests, bedrooms, beds, bath, sparkling_clean, checkin_exp, great_location) values (3, 'Nullam porttitor lacus at turpis.', 'Cras non velit nec nisi vulputate nonummy. Maecenas tincidunt lacus at velit. Vivamus vel nulla eget eros elementum pellentesque.', 'Pellentesque at nulla. Suspendisse potenti. Cras in purus eu magna vulputate luctus.', 'Curabitur gravida nisi at nibh. In hac habitasse platea dictumst. Aliquam augue quam, sollicitudin vitae, consectetuer eget, rutrum at, lorem.', 'Nam ultrices, libero non mattis pulvinar, nulla pede ullamcorper augue, a suscipit nulla elit ac nulla. Sed vel enim sit amet nunc viverra dapibus. Nulla suscipit ligula in lacus.', 'Vestibulum quam sapien, varius ut, blandit non, interdum in, ante. Vestibulum ante ipsum primis in faucibus orci luctus et ultrices posuere cubilia Curae; Duis faucibus accumsan odio. Curabitur convallis.', 'house', 6, 10, 25, 44, 4, 64, 100);
insert into descriptions (id, title, descriptions, space, access, interactions, notes, property_type, guests, bedrooms, beds, bath, sparkling_clean, checkin_exp, great_location) values (4, 'In sagittis dui vel nisl.', 'Phasellus sit amet erat. Nulla tempus. Vivamus in felis eu sapien cursus vestibulum.', 'Morbi porttitor lorem id ligula. Suspendisse ornare consequat lectus. In est risus, auctor sed, tristique in, tempus sit amet, sem.', 'Duis aliquam convallis nunc. Proin at turpis a pede posuere nonummy. Integer non velit.', 'Duis aliquam convallis nunc. Proin at turpis a pede posuere nonummy. Integer non velit.', 'Nullam sit amet turpis elementum ligula vehicula consequat. Morbi a ipsum. Integer a nibh.', 'apartment', 17, 9, 46, 42, 68, 5, 60);
insert into descriptions (id, title, descriptions, space, access, interactions, notes, property_type, guests, bedrooms, beds, bath, sparkling_clean, checkin_exp, great_location) values (5, 'Nulla ut erat id mauris vulputate elementum.', 'Etiam vel augue. Vestibulum rutrum rutrum neque. Aenean auctor gravida sem.', 'Donec diam neque, vestibulum eget, vulputate ut, ultrices vel, augue. Vestibulum ante ipsum primis in faucibus orci luctus et ultrices posuere cubilia Curae; Donec pharetra, magna vestibulum aliquet ultrices, erat tortor sollicitudin mi, sit amet lobortis sapien sapien non mi. Integer ac neque.', 'Sed ante. Vivamus tortor. Duis mattis egestas metus.', 'Nulla ut erat id mauris vulputate elementum. Nullam varius. Nulla facilisi.', 'Etiam vel augue. Vestibulum rutrum rutrum neque. Aenean auctor gravida sem.', 'unique homes', 14, 3, 14, 16, 9, 22, 49);
insert into descriptions (id, title, descriptions, space, access, interactions, notes, property_type, guests, bedrooms, beds, bath, sparkling_clean, checkin_exp, great_location) values (6, 'In hac habitasse platea dictumst.', 'Aenean fermentum. Donec ut mauris eget massa tempor convallis. Nulla neque libero, convallis eget, eleifend luctus, ultricies eu, nibh.', 'Nullam porttitor lacus at turpis. Donec posuere metus vitae ipsum. Aliquam non mauris.', 'Proin interdum mauris non ligula pellentesque ultrices. Phasellus id sapien in sapien iaculis congue. Vivamus metus arcu, adipiscing molestie, hendrerit at, vulputate vitae, nisl.', 'Curabitur at ipsum ac tellus semper interdum. Mauris ullamcorper purus sit amet nulla. Quisque arcu libero, rutrum ac, lobortis vel, dapibus at, diam.', 'Integer tincidunt ante vel ipsum. Praesent blandit lacinia erat. Vestibulum sed magna at nunc commodo placerat.', 'bed and breakfast', 9, 21, 29, 1, 98, 10, 23);
insert into descriptions (id, title, descriptions, space, access, interactions, notes, property_type, guests, bedrooms, beds, bath, sparkling_clean, checkin_exp, great_location) values (7, 'Suspendisse ornare consequat lectus.', 'Donec diam neque, vestibulum eget, vulputate ut, ultrices vel, augue. Vestibulum ante ipsum primis in faucibus orci luctus et ultrices posuere cubilia Curae; Donec pharetra, magna vestibulum aliquet ultrices, erat tortor sollicitudin mi, sit amet lobortis sapien sapien non mi. Integer ac neque.', 'Duis bibendum, felis sed interdum venenatis, turpis enim blandit mi, in porttitor pede justo eu massa. Donec dapibus. Duis at velit eu est congue elementum.', 'Duis aliquam convallis nunc. Proin at turpis a pede posuere nonummy. Integer non velit.', 'Mauris enim leo, rhoncus sed, vestibulum sit amet, cursus id, turpis. Integer aliquet, massa id lobortis convallis, tortor risus dapibus augue, vel accumsan tellus nisi eu orci. Mauris lacinia sapien quis libero.', 'Nullam sit amet turpis elementum ligula vehicula consequat. Morbi a ipsum. Integer a nibh.', 'unique homes', 10, 3, 19, 49, 38, 79, 51);
insert into descriptions (id, title, descriptions, space, access, interactions, notes, property_type, guests, bedrooms, beds, bath, sparkling_clean, checkin_exp, great_location) values (8, 'Donec quis orci eget orci vehicula condimentum.', 'Praesent blandit. Nam nulla. Integer pede justo, lacinia eget, tincidunt eget, tempus vel, pede.', 'Integer tincidunt ante vel ipsum. Praesent blandit lacinia erat. Vestibulum sed magna at nunc commodo placerat.', 'Etiam vel augue. Vestibulum rutrum rutrum neque. Aenean auctor gravida sem.', 'Curabitur gravida nisi at nibh. In hac habitasse platea dictumst. Aliquam augue quam, sollicitudin vitae, consectetuer eget, rutrum at, lorem.', 'Curabitur gravida nisi at nibh. In hac habitasse platea dictumst. Aliquam augue quam, sollicitudin vitae, consectetuer eget, rutrum at, lorem.', 'unique homes', 12, 26, 7, 28, 10, 50, 92);
insert into descriptions (id, title, descriptions, space, access, interactions, notes, property_type, guests, bedrooms, beds, bath, sparkling_clean, checkin_exp, great_location) values (9, 'Fusce congue, diam id ornare imperdiet, sapien urna pretium nisl, ut volutpat sapien arcu sed augue.', 'Nullam sit amet turpis elementum ligula vehicula consequat. Morbi a ipsum. Integer a nibh.', 'Maecenas tristique, est et tempus semper, est quam pharetra magna, ac consequat metus sapien ut nunc. Vestibulum ante ipsum primis in faucibus orci luctus et ultrices posuere cubilia Curae; Mauris viverra diam vitae quam. Suspendisse potenti.', 'Proin interdum mauris non ligula pellentesque ultrices. Phasellus id sapien in sapien iaculis congue. Vivamus metus arcu, adipiscing molestie, hendrerit at, vulputate vitae, nisl.', 'Curabitur at ipsum ac tellus semper interdum. Mauris ullamcorper purus sit amet nulla. Quisque arcu libero, rutrum ac, lobortis vel, dapibus at, diam.', 'Duis consequat dui nec nisi volutpat eleifend. Donec ut dolor. Morbi vel lectus in quam fringilla rhoncus.', 'apartment', 3, 43, 45, 37, 12, 98, 76);
insert into descriptions (id, title, descriptions, space, access, interactions, notes, property_type, guests, bedrooms, beds, bath, sparkling_clean, checkin_exp, great_location) values (10, 'Praesent blandit lacinia erat.', 'Morbi porttitor lorem id ligula. Suspendisse ornare consequat lectus. In est risus, auctor sed, tristique in, tempus sit amet, sem.', 'Duis bibendum, felis sed interdum venenatis, turpis enim blandit mi, in porttitor pede justo eu massa. Donec dapibus. Duis at velit eu est congue elementum.', 'Fusce consequat. Nulla nisl. Nunc nisl.', 'Lorem ipsum dolor sit amet, consectetuer adipiscing elit. Proin risus. Praesent lectus.', 'Fusce consequat. Nulla nisl. Nunc nisl.', 'unique homes', 32, 15, 41, 11, 56, 86, 21);
insert into descriptions (id, title, descriptions, space, access, interactions, notes, property_type, guests, bedrooms, beds, bath, sparkling_clean, checkin_exp, great_location) values (11, 'Duis at velit eu est congue elementum.', 'Etiam vel augue. Vestibulum rutrum rutrum neque. Aenean auctor gravida sem.', 'Duis bibendum. Morbi non quam nec dui luctus rutrum. Nulla tellus.', 'Quisque porta volutpat erat. Quisque erat eros, viverra eget, congue eget, semper rutrum, nulla. Nunc purus.', 'Proin interdum mauris non ligula pellentesque ultrices. Phasellus id sapien in sapien iaculis congue. Vivamus metus arcu, adipiscing molestie, hendrerit at, vulputate vitae, nisl.', 'Suspendisse potenti. In eleifend quam a odio. In hac habitasse platea dictumst.', 'apartment', 2, 4, 36, 36, 48, 83, 92);
insert into descriptions (id, title, descriptions, space, access, interactions, notes, property_type, guests, bedrooms, beds, bath, sparkling_clean, checkin_exp, great_location) values (12, 'In sagittis dui vel nisl.', 'Phasellus sit amet erat. Nulla tempus. Vivamus in felis eu sapien cursus vestibulum.', 'Aenean lectus. Pellentesque eget nunc. Donec quis orci eget orci vehicula condimentum.', 'Aenean lectus. Pellentesque eget nunc. Donec quis orci eget orci vehicula condimentum.', 'Phasellus sit amet erat. Nulla tempus. Vivamus in felis eu sapien cursus vestibulum.', 'Maecenas tristique, est et tempus semper, est quam pharetra magna, ac consequat metus sapien ut nunc. Vestibulum ante ipsum primis in faucibus orci luctus et ultrices posuere cubilia Curae; Mauris viverra diam vitae quam. Suspendisse potenti.', 'apartment', 45, 49, 27, 37, 89, 6, 59);
insert into descriptions (id, title, descriptions, space, access, interactions, notes, property_type, guests, bedrooms, beds, bath, sparkling_clean, checkin_exp, great_location) values (13, 'Aliquam sit amet diam in magna bibendum imperdiet.', 'Vestibulum ac est lacinia nisi venenatis tristique. Fusce congue, diam id ornare imperdiet, sapien urna pretium nisl, ut volutpat sapien arcu sed augue. Aliquam erat volutpat.', 'Lorem ipsum dolor sit amet, consectetuer adipiscing elit. Proin risus. Praesent lectus.', 'Praesent blandit. Nam nulla. Integer pede justo, lacinia eget, tincidunt eget, tempus vel, pede.', 'Integer tincidunt ante vel ipsum. Praesent blandit lacinia erat. Vestibulum sed magna at nunc commodo placerat.', 'Maecenas tristique, est et tempus semper, est quam pharetra magna, ac consequat metus sapien ut nunc. Vestibulum ante ipsum primis in faucibus orci luctus et ultrices posuere cubilia Curae; Mauris viverra diam vitae quam. Suspendisse potenti.', 'apartment', 49, 17, 21, 1, 22, 40, 53);
insert into descriptions (id, title, descriptions, space, access, interactions, notes, property_type, guests, bedrooms, beds, bath, sparkling_clean, checkin_exp, great_location) values (14, 'Integer non velit.', 'Nam ultrices, libero non mattis pulvinar, nulla pede ullamcorper augue, a suscipit nulla elit ac nulla. Sed vel enim sit amet nunc viverra dapibus. Nulla suscipit ligula in lacus.', 'Duis bibendum. Morbi non quam nec dui luctus rutrum. Nulla tellus.', 'Nulla ut erat id mauris vulputate elementum. Nullam varius. Nulla facilisi.', 'In sagittis dui vel nisl. Duis ac nibh. Fusce lacus purus, aliquet at, feugiat non, pretium quis, lectus.', 'Cras mi pede, malesuada in, imperdiet et, commodo vulputate, justo. In blandit ultrices enim. Lorem ipsum dolor sit amet, consectetuer adipiscing elit.', 'house', 42, 3, 10, 30, 33, 44, 47);
insert into descriptions (id, title, descriptions, space, access, interactions, notes, property_type, guests, bedrooms, beds, bath, sparkling_clean, checkin_exp, great_location) values (15, 'Nulla suscipit ligula in lacus.', 'Nullam sit amet turpis elementum ligula vehicula consequat. Morbi a ipsum. Integer a nibh.', 'Cum sociis natoque penatibus et magnis dis parturient montes, nascetur ridiculus mus. Vivamus vestibulum sagittis sapien. Cum sociis natoque penatibus et magnis dis parturient montes, nascetur ridiculus mus.', 'Proin leo odio, porttitor id, consequat in, consequat ut, nulla. Sed accumsan felis. Ut at dolor quis odio consequat varius.', 'In hac habitasse platea dictumst. Morbi vestibulum, velit id pretium iaculis, diam erat fermentum justo, nec condimentum neque sapien placerat ante. Nulla justo.', 'Maecenas leo odio, condimentum id, luctus nec, molestie sed, justo. Pellentesque viverra pede ac diam. Cras pellentesque volutpat dui.', 'house', 27, 11, 50, 32, 69, 78, 59);
insert into descriptions (id, title, descriptions, space, access, interactions, notes, property_type, guests, bedrooms, beds, bath, sparkling_clean, checkin_exp, great_location) values (16, 'Ut tellus.', 'Sed sagittis. Nam congue, risus semper porta volutpat, quam pede lobortis ligula, sit amet eleifend pede libero quis orci. Nullam molestie nibh in lectus.', 'Vestibulum quam sapien, varius ut, blandit non, interdum in, ante. Vestibulum ante ipsum primis in faucibus orci luctus et ultrices posuere cubilia Curae; Duis faucibus accumsan odio. Curabitur convallis.', 'Cras mi pede, malesuada in, imperdiet et, commodo vulputate, justo. In blandit ultrices enim. Lorem ipsum dolor sit amet, consectetuer adipiscing elit.', 'Cras mi pede, malesuada in, imperdiet et, commodo vulputate, justo. In blandit ultrices enim. Lorem ipsum dolor sit amet, consectetuer adipiscing elit.', 'Phasellus sit amet erat. Nulla tempus. Vivamus in felis eu sapien cursus vestibulum.', 'bed and breakfast', 43, 41, 12, 31, 13, 62, 50);
insert into descriptions (id, title, descriptions, space, access, interactions, notes, property_type, guests, bedrooms, beds, bath, sparkling_clean, checkin_exp, great_location) values (17, 'Sed sagittis.', 'Maecenas tristique, est et tempus semper, est quam pharetra magna, ac consequat metus sapien ut nunc. Vestibulum ante ipsum primis in faucibus orci luctus et ultrices posuere cubilia Curae; Mauris viverra diam vitae quam. Suspendisse potenti.', 'Proin leo odio, porttitor id, consequat in, consequat ut, nulla. Sed accumsan felis. Ut at dolor quis odio consequat varius.', 'In hac habitasse platea dictumst. Morbi vestibulum, velit id pretium iaculis, diam erat fermentum justo, nec condimentum neque sapien placerat ante. Nulla justo.', 'Nullam sit amet turpis elementum ligula vehicula consequat. Morbi a ipsum. Integer a nibh.', 'Vestibulum quam sapien, varius ut, blandit non, interdum in, ante. Vestibulum ante ipsum primis in faucibus orci luctus et ultrices posuere cubilia Curae; Duis faucibus accumsan odio. Curabitur convallis.', 'bed and breakfast', 41, 1, 26, 13, 100, 20, 66);
insert into descriptions (id, title, descriptions, space, access, interactions, notes, property_type, guests, bedrooms, beds, bath, sparkling_clean, checkin_exp, great_location) values (18, 'Duis ac nibh.', 'Vestibulum ac est lacinia nisi venenatis tristique. Fusce congue, diam id ornare imperdiet, sapien urna pretium nisl, ut volutpat sapien arcu sed augue. Aliquam erat volutpat.', 'In hac habitasse platea dictumst. Etiam faucibus cursus urna. Ut tellus.', 'Vestibulum quam sapien, varius ut, blandit non, interdum in, ante. Vestibulum ante ipsum primis in faucibus orci luctus et ultrices posuere cubilia Curae; Duis faucibus accumsan odio. Curabitur convallis.', 'Quisque id justo sit amet sapien dignissim vestibulum. Vestibulum ante ipsum primis in faucibus orci luctus et ultrices posuere cubilia Curae; Nulla dapibus dolor vel est. Donec odio justo, sollicitudin ut, suscipit a, feugiat et, eros.', 'Duis bibendum. Morbi non quam nec dui luctus rutrum. Nulla tellus.', 'unique homes', 28, 46, 7, 20, 57, 94, 99);
insert into descriptions (id, title, descriptions, space, access, interactions, notes, property_type, guests, bedrooms, beds, bath, sparkling_clean, checkin_exp, great_location) values (19, 'Nullam molestie nibh in lectus.', 'Aenean fermentum. Donec ut mauris eget massa tempor convallis. Nulla neque libero, convallis eget, eleifend luctus, ultricies eu, nibh.', 'Duis aliquam convallis nunc. Proin at turpis a pede posuere nonummy. Integer non velit.', 'Maecenas tristique, est et tempus semper, est quam pharetra magna, ac consequat metus sapien ut nunc. Vestibulum ante ipsum primis in faucibus orci luctus et ultrices posuere cubilia Curae; Mauris viverra diam vitae quam. Suspendisse potenti.', 'In hac habitasse platea dictumst. Etiam faucibus cursus urna. Ut tellus.', 'Maecenas tristique, est et tempus semper, est quam pharetra magna, ac consequat metus sapien ut nunc. Vestibulum ante ipsum primis in faucibus orci luctus et ultrices posuere cubilia Curae; Mauris viverra diam vitae quam. Suspendisse potenti.', 'apartment', 38, 43, 1, 15, 54, 89, 57);
insert into descriptions (id, title, descriptions, space, access, interactions, notes, property_type, guests, bedrooms, beds, bath, sparkling_clean, checkin_exp, great_location) values (20, 'Nam tristique tortor eu pede.', 'In sagittis dui vel nisl. Duis ac nibh. Fusce lacus purus, aliquet at, feugiat non, pretium quis, lectus.', 'Nulla ut erat id mauris vulputate elementum. Nullam varius. Nulla facilisi.', 'Aliquam quis turpis eget elit sodales scelerisque. Mauris sit amet eros. Suspendisse accumsan tortor quis turpis.', 'Lorem ipsum dolor sit amet, consectetuer adipiscing elit. Proin risus. Praesent lectus.', 'Aenean fermentum. Donec ut mauris eget massa tempor convallis. Nulla neque libero, convallis eget, eleifend luctus, ultricies eu, nibh.', 'unique homes', 16, 37, 5, 46, 96, 99, 97);
insert into descriptions (id, title, descriptions, space, access, interactions, notes, property_type, guests, bedrooms, beds, bath, sparkling_clean, checkin_exp, great_location) values (21, 'Quisque arcu libero, rutrum ac, lobortis vel, dapibus at, diam.', 'Fusce posuere felis sed lacus. Morbi sem mauris, laoreet ut, rhoncus aliquet, pulvinar sed, nisl. Nunc rhoncus dui vel sem.', 'Praesent id massa id nisl venenatis lacinia. Aenean sit amet justo. Morbi ut odio.', 'Sed sagittis. Nam congue, risus semper porta volutpat, quam pede lobortis ligula, sit amet eleifend pede libero quis orci. Nullam molestie nibh in lectus.', 'Integer tincidunt ante vel ipsum. Praesent blandit lacinia erat. Vestibulum sed magna at nunc commodo placerat.', 'Duis consequat dui nec nisi volutpat eleifend. Donec ut dolor. Morbi vel lectus in quam fringilla rhoncus.', 'unique homes', 14, 47, 44, 7, 15, 83, 8);
insert into descriptions (id, title, descriptions, space, access, interactions, notes, property_type, guests, bedrooms, beds, bath, sparkling_clean, checkin_exp, great_location) values (22, 'Duis at velit eu est congue elementum.', 'Proin leo odio, porttitor id, consequat in, consequat ut, nulla. Sed accumsan felis. Ut at dolor quis odio consequat varius.', 'Maecenas ut massa quis augue luctus tincidunt. Nulla mollis molestie lorem. Quisque ut erat.', 'Integer ac leo. Pellentesque ultrices mattis odio. Donec vitae nisi.', 'Aenean fermentum. Donec ut mauris eget massa tempor convallis. Nulla neque libero, convallis eget, eleifend luctus, ultricies eu, nibh.', 'Proin leo odio, porttitor id, consequat in, consequat ut, nulla. Sed accumsan felis. Ut at dolor quis odio consequat varius.', 'bed and breakfast', 42, 50, 39, 1, 88, 69, 12);
insert into descriptions (id, title, descriptions, space, access, interactions, notes, property_type, guests, bedrooms, beds, bath, sparkling_clean, checkin_exp, great_location) values (23, 'Nulla ac enim.', 'Vestibulum ac est lacinia nisi venenatis tristique. Fusce congue, diam id ornare imperdiet, sapien urna pretium nisl, ut volutpat sapien arcu sed augue. Aliquam erat volutpat.', 'In quis justo. Maecenas rhoncus aliquam lacus. Morbi quis tortor id nulla ultrices aliquet.', 'Sed sagittis. Nam congue, risus semper porta volutpat, quam pede lobortis ligula, sit amet eleifend pede libero quis orci. Nullam molestie nibh in lectus.', 'Proin interdum mauris non ligula pellentesque ultrices. Phasellus id sapien in sapien iaculis congue. Vivamus metus arcu, adipiscing molestie, hendrerit at, vulputate vitae, nisl.', 'Praesent blandit. Nam nulla. Integer pede justo, lacinia eget, tincidunt eget, tempus vel, pede.', 'apartment', 16, 29, 45, 2, 45, 45, 7);
insert into descriptions (id, title, descriptions, space, access, interactions, notes, property_type, guests, bedrooms, beds, bath, sparkling_clean, checkin_exp, great_location) values (24, 'Proin at turpis a pede posuere nonummy.', 'Vestibulum ac est lacinia nisi venenatis tristique. Fusce congue, diam id ornare imperdiet, sapien urna pretium nisl, ut volutpat sapien arcu sed augue. Aliquam erat volutpat.', 'In hac habitasse platea dictumst. Morbi vestibulum, velit id pretium iaculis, diam erat fermentum justo, nec condimentum neque sapien placerat ante. Nulla justo.', 'Nulla ut erat id mauris vulputate elementum. Nullam varius. Nulla facilisi.', 'Maecenas tristique, est et tempus semper, est quam pharetra magna, ac consequat metus sapien ut nunc. Vestibulum ante ipsum primis in faucibus orci luctus et ultrices posuere cubilia Curae; Mauris viverra diam vitae quam. Suspendisse potenti.', 'Duis bibendum. Morbi non quam nec dui luctus rutrum. Nulla tellus.', 'bed and breakfast', 18, 30, 16, 29, 59, 57, 92);
insert into descriptions (id, title, descriptions, space, access, interactions, notes, property_type, guests, bedrooms, beds, bath, sparkling_clean, checkin_exp, great_location) values (25, 'Nulla facilisi.', 'In hac habitasse platea dictumst. Morbi vestibulum, velit id pretium iaculis, diam erat fermentum justo, nec condimentum neque sapien placerat ante. Nulla justo.', 'Integer tincidunt ante vel ipsum. Praesent blandit lacinia erat. Vestibulum sed magna at nunc commodo placerat.', 'In hac habitasse platea dictumst. Morbi vestibulum, velit id pretium iaculis, diam erat fermentum justo, nec condimentum neque sapien placerat ante. Nulla justo.', 'Phasellus sit amet erat. Nulla tempus. Vivamus in felis eu sapien cursus vestibulum.', 'Cras non velit nec nisi vulputate nonummy. Maecenas tincidunt lacus at velit. Vivamus vel nulla eget eros elementum pellentesque.', 'bed and breakfast', 40, 21, 18, 22, 77, 9, 72);
insert into descriptions (id, title, descriptions, space, access, interactions, notes, property_type, guests, bedrooms, beds, bath, sparkling_clean, checkin_exp, great_location) values (26, 'Curabitur gravida nisi at nibh.', 'Aliquam quis turpis eget elit sodales scelerisque. Mauris sit amet eros. Suspendisse accumsan tortor quis turpis.', 'Duis consequat dui nec nisi volutpat eleifend. Donec ut dolor. Morbi vel lectus in quam fringilla rhoncus.', 'Praesent id massa id nisl venenatis lacinia. Aenean sit amet justo. Morbi ut odio.', 'In hac habitasse platea dictumst. Morbi vestibulum, velit id pretium iaculis, diam erat fermentum justo, nec condimentum neque sapien placerat ante. Nulla justo.', 'Morbi non lectus. Aliquam sit amet diam in magna bibendum imperdiet. Nullam orci pede, venenatis non, sodales sed, tincidunt eu, felis.', 'house', 44, 48, 27, 18, 44, 67, 87);
insert into descriptions (id, title, descriptions, space, access, interactions, notes, property_type, guests, bedrooms, beds, bath, sparkling_clean, checkin_exp, great_location) values (27, 'Vestibulum ante ipsum primis in faucibus orci luctus et ultrices posuere cubilia Curae; Mauris viverra diam vitae quam.', 'Sed ante. Vivamus tortor. Duis mattis egestas metus.', 'In hac habitasse platea dictumst. Etiam faucibus cursus urna. Ut tellus.', 'Integer tincidunt ante vel ipsum. Praesent blandit lacinia erat. Vestibulum sed magna at nunc commodo placerat.', 'Etiam vel augue. Vestibulum rutrum rutrum neque. Aenean auctor gravida sem.', 'In quis justo. Maecenas rhoncus aliquam lacus. Morbi quis tortor id nulla ultrices aliquet.', 'house', 8, 47, 14, 40, 89, 95, 100);
insert into descriptions (id, title, descriptions, space, access, interactions, notes, property_type, guests, bedrooms, beds, bath, sparkling_clean, checkin_exp, great_location) values (28, 'Aliquam erat volutpat.', 'Praesent blandit. Nam nulla. Integer pede justo, lacinia eget, tincidunt eget, tempus vel, pede.', 'Quisque id justo sit amet sapien dignissim vestibulum. Vestibulum ante ipsum primis in faucibus orci luctus et ultrices posuere cubilia Curae; Nulla dapibus dolor vel est. Donec odio justo, sollicitudin ut, suscipit a, feugiat et, eros.', 'Quisque porta volutpat erat. Quisque erat eros, viverra eget, congue eget, semper rutrum, nulla. Nunc purus.', 'Nulla ut erat id mauris vulputate elementum. Nullam varius. Nulla facilisi.', 'Nullam porttitor lacus at turpis. Donec posuere metus vitae ipsum. Aliquam non mauris.', 'house', 45, 30, 40, 20, 35, 72, 18);
insert into descriptions (id, title, descriptions, space, access, interactions, notes, property_type, guests, bedrooms, beds, bath, sparkling_clean, checkin_exp, great_location) values (29, 'Quisque ut erat.', 'Duis aliquam convallis nunc. Proin at turpis a pede posuere nonummy. Integer non velit.', 'Maecenas leo odio, condimentum id, luctus nec, molestie sed, justo. Pellentesque viverra pede ac diam. Cras pellentesque volutpat dui.', 'Phasellus sit amet erat. Nulla tempus. Vivamus in felis eu sapien cursus vestibulum.', 'Sed sagittis. Nam congue, risus semper porta volutpat, quam pede lobortis ligula, sit amet eleifend pede libero quis orci. Nullam molestie nibh in lectus.', 'Duis aliquam convallis nunc. Proin at turpis a pede posuere nonummy. Integer non velit.', 'house', 22, 50, 21, 15, 65, 52, 83);
insert into descriptions (id, title, descriptions, space, access, interactions, notes, property_type, guests, bedrooms, beds, bath, sparkling_clean, checkin_exp, great_location) values (30, 'Proin risus.', 'Fusce consequat. Nulla nisl. Nunc nisl.', 'Aenean fermentum. Donec ut mauris eget massa tempor convallis. Nulla neque libero, convallis eget, eleifend luctus, ultricies eu, nibh.', 'Nullam porttitor lacus at turpis. Donec posuere metus vitae ipsum. Aliquam non mauris.', 'Curabitur at ipsum ac tellus semper interdum. Mauris ullamcorper purus sit amet nulla. Quisque arcu libero, rutrum ac, lobortis vel, dapibus at, diam.', 'Maecenas leo odio, condimentum id, luctus nec, molestie sed, justo. Pellentesque viverra pede ac diam. Cras pellentesque volutpat dui.', 'unique homes', 39, 8, 29, 2, 53, 94, 54);
insert into descriptions (id, title, descriptions, space, access, interactions, notes, property_type, guests, bedrooms, beds, bath, sparkling_clean, checkin_exp, great_location) values (31, 'Cras mi pede, malesuada in, imperdiet et, commodo vulputate, justo.', 'Duis bibendum. Morbi non quam nec dui luctus rutrum. Nulla tellus.', 'Fusce posuere felis sed lacus. Morbi sem mauris, laoreet ut, rhoncus aliquet, pulvinar sed, nisl. Nunc rhoncus dui vel sem.', 'Curabitur at ipsum ac tellus semper interdum. Mauris ullamcorper purus sit amet nulla. Quisque arcu libero, rutrum ac, lobortis vel, dapibus at, diam.', 'Fusce posuere felis sed lacus. Morbi sem mauris, laoreet ut, rhoncus aliquet, pulvinar sed, nisl. Nunc rhoncus dui vel sem.', 'In congue. Etiam justo. Etiam pretium iaculis justo.', 'apartment', 38, 31, 8, 6, 39, 10, 8);
insert into descriptions (id, title, descriptions, space, access, interactions, notes, property_type, guests, bedrooms, beds, bath, sparkling_clean, checkin_exp, great_location) values (32, 'Curabitur convallis.', 'Proin leo odio, porttitor id, consequat in, consequat ut, nulla. Sed accumsan felis. Ut at dolor quis odio consequat varius.', 'Nulla ut erat id mauris vulputate elementum. Nullam varius. Nulla facilisi.', 'Quisque porta volutpat erat. Quisque erat eros, viverra eget, congue eget, semper rutrum, nulla. Nunc purus.', 'Curabitur gravida nisi at nibh. In hac habitasse platea dictumst. Aliquam augue quam, sollicitudin vitae, consectetuer eget, rutrum at, lorem.', 'Maecenas tristique, est et tempus semper, est quam pharetra magna, ac consequat metus sapien ut nunc. Vestibulum ante ipsum primis in faucibus orci luctus et ultrices posuere cubilia Curae; Mauris viverra diam vitae quam. Suspendisse potenti.', 'house', 11, 3, 45, 21, 12, 51, 21);
insert into descriptions (id, title, descriptions, space, access, interactions, notes, property_type, guests, bedrooms, beds, bath, sparkling_clean, checkin_exp, great_location) values (33, 'Curabitur convallis.', 'Fusce posuere felis sed lacus. Morbi sem mauris, laoreet ut, rhoncus aliquet, pulvinar sed, nisl. Nunc rhoncus dui vel sem.', 'Maecenas ut massa quis augue luctus tincidunt. Nulla mollis molestie lorem. Quisque ut erat.', 'Nullam porttitor lacus at turpis. Donec posuere metus vitae ipsum. Aliquam non mauris.', 'Curabitur gravida nisi at nibh. In hac habitasse platea dictumst. Aliquam augue quam, sollicitudin vitae, consectetuer eget, rutrum at, lorem.', 'Quisque id justo sit amet sapien dignissim vestibulum. Vestibulum ante ipsum primis in faucibus orci luctus et ultrices posuere cubilia Curae; Nulla dapibus dolor vel est. Donec odio justo, sollicitudin ut, suscipit a, feugiat et, eros.', 'unique homes', 49, 3, 10, 15, 57, 55, 54);
insert into descriptions (id, title, descriptions, space, access, interactions, notes, property_type, guests, bedrooms, beds, bath, sparkling_clean, checkin_exp, great_location) values (34, 'Etiam pretium iaculis justo.', 'In congue. Etiam justo. Etiam pretium iaculis justo.', 'Sed ante. Vivamus tortor. Duis mattis egestas metus.', 'Vestibulum quam sapien, varius ut, blandit non, interdum in, ante. Vestibulum ante ipsum primis in faucibus orci luctus et ultrices posuere cubilia Curae; Duis faucibus accumsan odio. Curabitur convallis.', 'Vestibulum quam sapien, varius ut, blandit non, interdum in, ante. Vestibulum ante ipsum primis in faucibus orci luctus et ultrices posuere cubilia Curae; Duis faucibus accumsan odio. Curabitur convallis.', 'Morbi porttitor lorem id ligula. Suspendisse ornare consequat lectus. In est risus, auctor sed, tristique in, tempus sit amet, sem.', 'house', 49, 10, 42, 31, 80, 83, 30);
insert into descriptions (id, title, descriptions, space, access, interactions, notes, property_type, guests, bedrooms, beds, bath, sparkling_clean, checkin_exp, great_location) values (35, 'Sed sagittis.', 'In congue. Etiam justo. Etiam pretium iaculis justo.', 'Cum sociis natoque penatibus et magnis dis parturient montes, nascetur ridiculus mus. Vivamus vestibulum sagittis sapien. Cum sociis natoque penatibus et magnis dis parturient montes, nascetur ridiculus mus.', 'Maecenas leo odio, condimentum id, luctus nec, molestie sed, justo. Pellentesque viverra pede ac diam. Cras pellentesque volutpat dui.', 'Sed ante. Vivamus tortor. Duis mattis egestas metus.', 'Maecenas ut massa quis augue luctus tincidunt. Nulla mollis molestie lorem. Quisque ut erat.', 'house', 9, 27, 20, 22, 9, 87, 93);
insert into descriptions (id, title, descriptions, space, access, interactions, notes, property_type, guests, bedrooms, beds, bath, sparkling_clean, checkin_exp, great_location) values (36, 'Lorem ipsum dolor sit amet, consectetuer adipiscing elit.', 'Lorem ipsum dolor sit amet, consectetuer adipiscing elit. Proin risus. Praesent lectus.', 'Nam ultrices, libero non mattis pulvinar, nulla pede ullamcorper augue, a suscipit nulla elit ac nulla. Sed vel enim sit amet nunc viverra dapibus. Nulla suscipit ligula in lacus.', 'Cum sociis natoque penatibus et magnis dis parturient montes, nascetur ridiculus mus. Vivamus vestibulum sagittis sapien. Cum sociis natoque penatibus et magnis dis parturient montes, nascetur ridiculus mus.', 'Curabitur at ipsum ac tellus semper interdum. Mauris ullamcorper purus sit amet nulla. Quisque arcu libero, rutrum ac, lobortis vel, dapibus at, diam.', 'Nam ultrices, libero non mattis pulvinar, nulla pede ullamcorper augue, a suscipit nulla elit ac nulla. Sed vel enim sit amet nunc viverra dapibus. Nulla suscipit ligula in lacus.', 'bed and breakfast', 44, 39, 2, 15, 37, 6, 18);
insert into descriptions (id, title, descriptions, space, access, interactions, notes, property_type, guests, bedrooms, beds, bath, sparkling_clean, checkin_exp, great_location) values (37, 'Vivamus metus arcu, adipiscing molestie, hendrerit at, vulputate vitae, nisl.', 'In hac habitasse platea dictumst. Morbi vestibulum, velit id pretium iaculis, diam erat fermentum justo, nec condimentum neque sapien placerat ante. Nulla justo.', 'Maecenas ut massa quis augue luctus tincidunt. Nulla mollis molestie lorem. Quisque ut erat.', 'Cras mi pede, malesuada in, imperdiet et, commodo vulputate, justo. In blandit ultrices enim. Lorem ipsum dolor sit amet, consectetuer adipiscing elit.', 'In hac habitasse platea dictumst. Morbi vestibulum, velit id pretium iaculis, diam erat fermentum justo, nec condimentum neque sapien placerat ante. Nulla justo.', 'Phasellus in felis. Donec semper sapien a libero. Nam dui.', 'bed and breakfast', 39, 49, 48, 18, 87, 34, 52);
insert into descriptions (id, title, descriptions, space, access, interactions, notes, property_type, guests, bedrooms, beds, bath, sparkling_clean, checkin_exp, great_location) values (38, 'Sed ante.', 'Vestibulum ac est lacinia nisi venenatis tristique. Fusce congue, diam id ornare imperdiet, sapien urna pretium nisl, ut volutpat sapien arcu sed augue. Aliquam erat volutpat.', 'Nullam sit amet turpis elementum ligula vehicula consequat. Morbi a ipsum. Integer a nibh.', 'Pellentesque at nulla. Suspendisse potenti. Cras in purus eu magna vulputate luctus.', 'Fusce posuere felis sed lacus. Morbi sem mauris, laoreet ut, rhoncus aliquet, pulvinar sed, nisl. Nunc rhoncus dui vel sem.', 'Maecenas tristique, est et tempus semper, est quam pharetra magna, ac consequat metus sapien ut nunc. Vestibulum ante ipsum primis in faucibus orci luctus et ultrices posuere cubilia Curae; Mauris viverra diam vitae quam. Suspendisse potenti.', 'unique homes', 2, 27, 31, 36, 13, 8, 28);
insert into descriptions (id, title, descriptions, space, access, interactions, notes, property_type, guests, bedrooms, beds, bath, sparkling_clean, checkin_exp, great_location) values (39, 'Maecenas leo odio, condimentum id, luctus nec, molestie sed, justo.', 'Nullam sit amet turpis elementum ligula vehicula consequat. Morbi a ipsum. Integer a nibh.', 'In hac habitasse platea dictumst. Morbi vestibulum, velit id pretium iaculis, diam erat fermentum justo, nec condimentum neque sapien placerat ante. Nulla justo.', 'Morbi non lectus. Aliquam sit amet diam in magna bibendum imperdiet. Nullam orci pede, venenatis non, sodales sed, tincidunt eu, felis.', 'Nulla ut erat id mauris vulputate elementum. Nullam varius. Nulla facilisi.', 'Praesent blandit. Nam nulla. Integer pede justo, lacinia eget, tincidunt eget, tempus vel, pede.', 'apartment', 29, 27, 43, 7, 88, 59, 94);
insert into descriptions (id, title, descriptions, space, access, interactions, notes, property_type, guests, bedrooms, beds, bath, sparkling_clean, checkin_exp, great_location) values (40, 'Integer ac neque.', 'Vestibulum ac est lacinia nisi venenatis tristique. Fusce congue, diam id ornare imperdiet, sapien urna pretium nisl, ut volutpat sapien arcu sed augue. Aliquam erat volutpat.', 'Integer tincidunt ante vel ipsum. Praesent blandit lacinia erat. Vestibulum sed magna at nunc commodo placerat.', 'Curabitur in libero ut massa volutpat convallis. Morbi odio odio, elementum eu, interdum eu, tincidunt in, leo. Maecenas pulvinar lobortis est.', 'Sed ante. Vivamus tortor. Duis mattis egestas metus.', 'Quisque id justo sit amet sapien dignissim vestibulum. Vestibulum ante ipsum primis in faucibus orci luctus et ultrices posuere cubilia Curae; Nulla dapibus dolor vel est. Donec odio justo, sollicitudin ut, suscipit a, feugiat et, eros.', 'unique homes', 44, 5, 31, 39, 18, 6, 67);
insert into descriptions (id, title, descriptions, space, access, interactions, notes, property_type, guests, bedrooms, beds, bath, sparkling_clean, checkin_exp, great_location) values (41, 'Suspendisse ornare consequat lectus.', 'Nam ultrices, libero non mattis pulvinar, nulla pede ullamcorper augue, a suscipit nulla elit ac nulla. Sed vel enim sit amet nunc viverra dapibus. Nulla suscipit ligula in lacus.', 'Aenean lectus. Pellentesque eget nunc. Donec quis orci eget orci vehicula condimentum.', 'Vestibulum quam sapien, varius ut, blandit non, interdum in, ante. Vestibulum ante ipsum primis in faucibus orci luctus et ultrices posuere cubilia Curae; Duis faucibus accumsan odio. Curabitur convallis.', 'Cum sociis natoque penatibus et magnis dis parturient montes, nascetur ridiculus mus. Vivamus vestibulum sagittis sapien. Cum sociis natoque penatibus et magnis dis parturient montes, nascetur ridiculus mus.', 'Suspendisse potenti. In eleifend quam a odio. In hac habitasse platea dictumst.', 'house', 41, 17, 29, 6, 47, 96, 43);
insert into descriptions (id, title, descriptions, space, access, interactions, notes, property_type, guests, bedrooms, beds, bath, sparkling_clean, checkin_exp, great_location) values (42, 'Morbi ut odio.', 'Sed sagittis. Nam congue, risus semper porta volutpat, quam pede lobortis ligula, sit amet eleifend pede libero quis orci. Nullam molestie nibh in lectus.', 'Cras non velit nec nisi vulputate nonummy. Maecenas tincidunt lacus at velit. Vivamus vel nulla eget eros elementum pellentesque.', 'Integer tincidunt ante vel ipsum. Praesent blandit lacinia erat. Vestibulum sed magna at nunc commodo placerat.', 'Cras non velit nec nisi vulputate nonummy. Maecenas tincidunt lacus at velit. Vivamus vel nulla eget eros elementum pellentesque.', 'Morbi non lectus. Aliquam sit amet diam in magna bibendum imperdiet. Nullam orci pede, venenatis non, sodales sed, tincidunt eu, felis.', 'house', 13, 16, 33, 1, 88, 62, 21);
insert into descriptions (id, title, descriptions, space, access, interactions, notes, property_type, guests, bedrooms, beds, bath, sparkling_clean, checkin_exp, great_location) values (43, 'Nulla ut erat id mauris vulputate elementum.', 'Duis bibendum, felis sed interdum venenatis, turpis enim blandit mi, in porttitor pede justo eu massa. Donec dapibus. Duis at velit eu est congue elementum.', 'Cum sociis natoque penatibus et magnis dis parturient montes, nascetur ridiculus mus. Vivamus vestibulum sagittis sapien. Cum sociis natoque penatibus et magnis dis parturient montes, nascetur ridiculus mus.', 'Proin interdum mauris non ligula pellentesque ultrices. Phasellus id sapien in sapien iaculis congue. Vivamus metus arcu, adipiscing molestie, hendrerit at, vulputate vitae, nisl.', 'Lorem ipsum dolor sit amet, consectetuer adipiscing elit. Proin risus. Praesent lectus.', 'Proin leo odio, porttitor id, consequat in, consequat ut, nulla. Sed accumsan felis. Ut at dolor quis odio consequat varius.', 'apartment', 45, 24, 50, 42, 30, 27, 60);
insert into descriptions (id, title, descriptions, space, access, interactions, notes, property_type, guests, bedrooms, beds, bath, sparkling_clean, checkin_exp, great_location) values (44, 'Proin risus.', 'Pellentesque at nulla. Suspendisse potenti. Cras in purus eu magna vulputate luctus.', 'Mauris enim leo, rhoncus sed, vestibulum sit amet, cursus id, turpis. Integer aliquet, massa id lobortis convallis, tortor risus dapibus augue, vel accumsan tellus nisi eu orci. Mauris lacinia sapien quis libero.', 'Aliquam quis turpis eget elit sodales scelerisque. Mauris sit amet eros. Suspendisse accumsan tortor quis turpis.', 'Sed sagittis. Nam congue, risus semper porta volutpat, quam pede lobortis ligula, sit amet eleifend pede libero quis orci. Nullam molestie nibh in lectus.', 'Cum sociis natoque penatibus et magnis dis parturient montes, nascetur ridiculus mus. Vivamus vestibulum sagittis sapien. Cum sociis natoque penatibus et magnis dis parturient montes, nascetur ridiculus mus.', 'unique homes', 3, 40, 24, 8, 33, 57, 7);
insert into descriptions (id, title, descriptions, space, access, interactions, notes, property_type, guests, bedrooms, beds, bath, sparkling_clean, checkin_exp, great_location) values (45, 'Nullam molestie nibh in lectus.', 'Fusce consequat. Nulla nisl. Nunc nisl.', 'In quis justo. Maecenas rhoncus aliquam lacus. Morbi quis tortor id nulla ultrices aliquet.', 'Proin interdum mauris non ligula pellentesque ultrices. Phasellus id sapien in sapien iaculis congue. Vivamus metus arcu, adipiscing molestie, hendrerit at, vulputate vitae, nisl.', 'Proin eu mi. Nulla ac enim. In tempor, turpis nec euismod scelerisque, quam turpis adipiscing lorem, vitae mattis nibh ligula nec sem.', 'Cras non velit nec nisi vulputate nonummy. Maecenas tincidunt lacus at velit. Vivamus vel nulla eget eros elementum pellentesque.', 'bed and breakfast', 10, 20, 14, 19, 24, 98, 58);
insert into descriptions (id, title, descriptions, space, access, interactions, notes, property_type, guests, bedrooms, beds, bath, sparkling_clean, checkin_exp, great_location) values (46, 'Mauris ullamcorper purus sit amet nulla.', 'Morbi non lectus. Aliquam sit amet diam in magna bibendum imperdiet. Nullam orci pede, venenatis non, sodales sed, tincidunt eu, felis.', 'Proin interdum mauris non ligula pellentesque ultrices. Phasellus id sapien in sapien iaculis congue. Vivamus metus arcu, adipiscing molestie, hendrerit at, vulputate vitae, nisl.', 'Cras non velit nec nisi vulputate nonummy. Maecenas tincidunt lacus at velit. Vivamus vel nulla eget eros elementum pellentesque.', 'Duis consequat dui nec nisi volutpat eleifend. Donec ut dolor. Morbi vel lectus in quam fringilla rhoncus.', 'Sed ante. Vivamus tortor. Duis mattis egestas metus.', 'apartment', 2, 36, 8, 24, 30, 25, 53);
insert into descriptions (id, title, descriptions, space, access, interactions, notes, property_type, guests, bedrooms, beds, bath, sparkling_clean, checkin_exp, great_location) values (47, 'Suspendisse accumsan tortor quis turpis.', 'Duis bibendum, felis sed interdum venenatis, turpis enim blandit mi, in porttitor pede justo eu massa. Donec dapibus. Duis at velit eu est congue elementum.', 'Sed sagittis. Nam congue, risus semper porta volutpat, quam pede lobortis ligula, sit amet eleifend pede libero quis orci. Nullam molestie nibh in lectus.', 'Curabitur in libero ut massa volutpat convallis. Morbi odio odio, elementum eu, interdum eu, tincidunt in, leo. Maecenas pulvinar lobortis est.', 'Proin eu mi. Nulla ac enim. In tempor, turpis nec euismod scelerisque, quam turpis adipiscing lorem, vitae mattis nibh ligula nec sem.', 'Duis bibendum, felis sed interdum venenatis, turpis enim blandit mi, in porttitor pede justo eu massa. Donec dapibus. Duis at velit eu est congue elementum.', 'unique homes', 30, 13, 35, 30, 28, 98, 54);
insert into descriptions (id, title, descriptions, space, access, interactions, notes, property_type, guests, bedrooms, beds, bath, sparkling_clean, checkin_exp, great_location) values (48, 'Morbi non lectus.', 'Suspendisse potenti. In eleifend quam a odio. In hac habitasse platea dictumst.', 'Suspendisse potenti. In eleifend quam a odio. In hac habitasse platea dictumst.', 'Aliquam quis turpis eget elit sodales scelerisque. Mauris sit amet eros. Suspendisse accumsan tortor quis turpis.', 'Fusce posuere felis sed lacus. Morbi sem mauris, laoreet ut, rhoncus aliquet, pulvinar sed, nisl. Nunc rhoncus dui vel sem.', 'Fusce posuere felis sed lacus. Morbi sem mauris, laoreet ut, rhoncus aliquet, pulvinar sed, nisl. Nunc rhoncus dui vel sem.', 'house', 45, 30, 35, 30, 15, 96, 32);
insert into descriptions (id, title, descriptions, space, access, interactions, notes, property_type, guests, bedrooms, beds, bath, sparkling_clean, checkin_exp, great_location) values (49, 'Phasellus sit amet erat.', 'Quisque porta volutpat erat. Quisque erat eros, viverra eget, congue eget, semper rutrum, nulla. Nunc purus.', 'Donec diam neque, vestibulum eget, vulputate ut, ultrices vel, augue. Vestibulum ante ipsum primis in faucibus orci luctus et ultrices posuere cubilia Curae; Donec pharetra, magna vestibulum aliquet ultrices, erat tortor sollicitudin mi, sit amet lobortis sapien sapien non mi. Integer ac neque.', 'Curabitur gravida nisi at nibh. In hac habitasse platea dictumst. Aliquam augue quam, sollicitudin vitae, consectetuer eget, rutrum at, lorem.', 'Cras non velit nec nisi vulputate nonummy. Maecenas tincidunt lacus at velit. Vivamus vel nulla eget eros elementum pellentesque.', 'Quisque id justo sit amet sapien dignissim vestibulum. Vestibulum ante ipsum primis in faucibus orci luctus et ultrices posuere cubilia Curae; Nulla dapibus dolor vel est. Donec odio justo, sollicitudin ut, suscipit a, feugiat et, eros.', 'house', 15, 48, 21, 31, 84, 26, 2);
insert into descriptions (id, title, descriptions, space, access, interactions, notes, property_type, guests, bedrooms, beds, bath, sparkling_clean, checkin_exp, great_location) values (50, 'Donec ut mauris eget massa tempor convallis.', 'Praesent id massa id nisl venenatis lacinia. Aenean sit amet justo. Morbi ut odio.', 'Morbi porttitor lorem id ligula. Suspendisse ornare consequat lectus. In est risus, auctor sed, tristique in, tempus sit amet, sem.', 'Morbi non lectus. Aliquam sit amet diam in magna bibendum imperdiet. Nullam orci pede, venenatis non, sodales sed, tincidunt eu, felis.', 'Sed sagittis. Nam congue, risus semper porta volutpat, quam pede lobortis ligula, sit amet eleifend pede libero quis orci. Nullam molestie nibh in lectus.', 'Aliquam quis turpis eget elit sodales scelerisque. Mauris sit amet eros. Suspendisse accumsan tortor quis turpis.', 'apartment', 34, 27, 39, 28, 54, 85, 80);
insert into descriptions (id, title, descriptions, space, access, interactions, notes, property_type, guests, bedrooms, beds, bath, sparkling_clean, checkin_exp, great_location) values (51, 'Praesent blandit lacinia erat.', 'Phasellus sit amet erat. Nulla tempus. Vivamus in felis eu sapien cursus vestibulum.', 'Integer tincidunt ante vel ipsum. Praesent blandit lacinia erat. Vestibulum sed magna at nunc commodo placerat.', 'Duis bibendum, felis sed interdum venenatis, turpis enim blandit mi, in porttitor pede justo eu massa. Donec dapibus. Duis at velit eu est congue elementum.', 'Donec diam neque, vestibulum eget, vulputate ut, ultrices vel, augue. Vestibulum ante ipsum primis in faucibus orci luctus et ultrices posuere cubilia Curae; Donec pharetra, magna vestibulum aliquet ultrices, erat tortor sollicitudin mi, sit amet lobortis sapien sapien non mi. Integer ac neque.', 'Proin leo odio, porttitor id, consequat in, consequat ut, nulla. Sed accumsan felis. Ut at dolor quis odio consequat varius.', 'unique homes', 27, 49, 30, 30, 21, 26, 99);
insert into descriptions (id, title, descriptions, space, access, interactions, notes, property_type, guests, bedrooms, beds, bath, sparkling_clean, checkin_exp, great_location) values (52, 'Morbi odio odio, elementum eu, interdum eu, tincidunt in, leo.', 'Morbi porttitor lorem id ligula. Suspendisse ornare consequat lectus. In est risus, auctor sed, tristique in, tempus sit amet, sem.', 'Morbi porttitor lorem id ligula. Suspendisse ornare consequat lectus. In est risus, auctor sed, tristique in, tempus sit amet, sem.', 'Morbi non lectus. Aliquam sit amet diam in magna bibendum imperdiet. Nullam orci pede, venenatis non, sodales sed, tincidunt eu, felis.', 'Vestibulum ac est lacinia nisi venenatis tristique. Fusce congue, diam id ornare imperdiet, sapien urna pretium nisl, ut volutpat sapien arcu sed augue. Aliquam erat volutpat.', 'Etiam vel augue. Vestibulum rutrum rutrum neque. Aenean auctor gravida sem.', 'apartment', 23, 47, 50, 45, 3, 47, 100);
insert into descriptions (id, title, descriptions, space, access, interactions, notes, property_type, guests, bedrooms, beds, bath, sparkling_clean, checkin_exp, great_location) values (53, 'Aenean fermentum.', 'Praesent blandit. Nam nulla. Integer pede justo, lacinia eget, tincidunt eget, tempus vel, pede.', 'Vestibulum quam sapien, varius ut, blandit non, interdum in, ante. Vestibulum ante ipsum primis in faucibus orci luctus et ultrices posuere cubilia Curae; Duis faucibus accumsan odio. Curabitur convallis.', 'Pellentesque at nulla. Suspendisse potenti. Cras in purus eu magna vulputate luctus.', 'Mauris enim leo, rhoncus sed, vestibulum sit amet, cursus id, turpis. Integer aliquet, massa id lobortis convallis, tortor risus dapibus augue, vel accumsan tellus nisi eu orci. Mauris lacinia sapien quis libero.', 'Integer tincidunt ante vel ipsum. Praesent blandit lacinia erat. Vestibulum sed magna at nunc commodo placerat.', 'bed and breakfast', 16, 42, 31, 23, 99, 27, 77);
insert into descriptions (id, title, descriptions, space, access, interactions, notes, property_type, guests, bedrooms, beds, bath, sparkling_clean, checkin_exp, great_location) values (54, 'Vestibulum quam sapien, varius ut, blandit non, interdum in, ante.', 'Etiam vel augue. Vestibulum rutrum rutrum neque. Aenean auctor gravida sem.', 'Donec diam neque, vestibulum eget, vulputate ut, ultrices vel, augue. Vestibulum ante ipsum primis in faucibus orci luctus et ultrices posuere cubilia Curae; Donec pharetra, magna vestibulum aliquet ultrices, erat tortor sollicitudin mi, sit amet lobortis sapien sapien non mi. Integer ac neque.', 'Proin leo odio, porttitor id, consequat in, consequat ut, nulla. Sed accumsan felis. Ut at dolor quis odio consequat varius.', 'Cum sociis natoque penatibus et magnis dis parturient montes, nascetur ridiculus mus. Vivamus vestibulum sagittis sapien. Cum sociis natoque penatibus et magnis dis parturient montes, nascetur ridiculus mus.', 'Nulla ut erat id mauris vulputate elementum. Nullam varius. Nulla facilisi.', 'unique homes', 20, 39, 31, 35, 2, 75, 97);
insert into descriptions (id, title, descriptions, space, access, interactions, notes, property_type, guests, bedrooms, beds, bath, sparkling_clean, checkin_exp, great_location) values (55, 'Aliquam sit amet diam in magna bibendum imperdiet.', 'Nullam sit amet turpis elementum ligula vehicula consequat. Morbi a ipsum. Integer a nibh.', 'Aliquam quis turpis eget elit sodales scelerisque. Mauris sit amet eros. Suspendisse accumsan tortor quis turpis.', 'Praesent blandit. Nam nulla. Integer pede justo, lacinia eget, tincidunt eget, tempus vel, pede.', 'In quis justo. Maecenas rhoncus aliquam lacus. Morbi quis tortor id nulla ultrices aliquet.', 'Nam ultrices, libero non mattis pulvinar, nulla pede ullamcorper augue, a suscipit nulla elit ac nulla. Sed vel enim sit amet nunc viverra dapibus. Nulla suscipit ligula in lacus.', 'apartment', 37, 43, 5, 26, 57, 55, 67);
insert into descriptions (id, title, descriptions, space, access, interactions, notes, property_type, guests, bedrooms, beds, bath, sparkling_clean, checkin_exp, great_location) values (56, 'Morbi sem mauris, laoreet ut, rhoncus aliquet, pulvinar sed, nisl.', 'Duis consequat dui nec nisi volutpat eleifend. Donec ut dolor. Morbi vel lectus in quam fringilla rhoncus.', 'Proin eu mi. Nulla ac enim. In tempor, turpis nec euismod scelerisque, quam turpis adipiscing lorem, vitae mattis nibh ligula nec sem.', 'Cras mi pede, malesuada in, imperdiet et, commodo vulputate, justo. In blandit ultrices enim. Lorem ipsum dolor sit amet, consectetuer adipiscing elit.', 'Aenean fermentum. Donec ut mauris eget massa tempor convallis. Nulla neque libero, convallis eget, eleifend luctus, ultricies eu, nibh.', 'Phasellus sit amet erat. Nulla tempus. Vivamus in felis eu sapien cursus vestibulum.', 'apartment', 47, 10, 41, 1, 98, 64, 8);
insert into descriptions (id, title, descriptions, space, access, interactions, notes, property_type, guests, bedrooms, beds, bath, sparkling_clean, checkin_exp, great_location) values (57, 'Morbi vel lectus in quam fringilla rhoncus.', 'Integer ac leo. Pellentesque ultrices mattis odio. Donec vitae nisi.', 'Maecenas leo odio, condimentum id, luctus nec, molestie sed, justo. Pellentesque viverra pede ac diam. Cras pellentesque volutpat dui.', 'Donec diam neque, vestibulum eget, vulputate ut, ultrices vel, augue. Vestibulum ante ipsum primis in faucibus orci luctus et ultrices posuere cubilia Curae; Donec pharetra, magna vestibulum aliquet ultrices, erat tortor sollicitudin mi, sit amet lobortis sapien sapien non mi. Integer ac neque.', 'Aenean lectus. Pellentesque eget nunc. Donec quis orci eget orci vehicula condimentum.', 'Curabitur at ipsum ac tellus semper interdum. Mauris ullamcorper purus sit amet nulla. Quisque arcu libero, rutrum ac, lobortis vel, dapibus at, diam.', 'bed and breakfast', 29, 30, 43, 21, 51, 71, 100);
insert into descriptions (id, title, descriptions, space, access, interactions, notes, property_type, guests, bedrooms, beds, bath, sparkling_clean, checkin_exp, great_location) values (58, 'Nunc purus.', 'Maecenas ut massa quis augue luctus tincidunt. Nulla mollis molestie lorem. Quisque ut erat.', 'Morbi porttitor lorem id ligula. Suspendisse ornare consequat lectus. In est risus, auctor sed, tristique in, tempus sit amet, sem.', 'Integer ac leo. Pellentesque ultrices mattis odio. Donec vitae nisi.', 'Curabitur in libero ut massa volutpat convallis. Morbi odio odio, elementum eu, interdum eu, tincidunt in, leo. Maecenas pulvinar lobortis est.', 'Suspendisse potenti. In eleifend quam a odio. In hac habitasse platea dictumst.', 'apartment', 29, 1, 18, 23, 7, 88, 7);
insert into descriptions (id, title, descriptions, space, access, interactions, notes, property_type, guests, bedrooms, beds, bath, sparkling_clean, checkin_exp, great_location) values (59, 'Phasellus sit amet erat.', 'In hac habitasse platea dictumst. Morbi vestibulum, velit id pretium iaculis, diam erat fermentum justo, nec condimentum neque sapien placerat ante. Nulla justo.', 'Fusce consequat. Nulla nisl. Nunc nisl.', 'In sagittis dui vel nisl. Duis ac nibh. Fusce lacus purus, aliquet at, feugiat non, pretium quis, lectus.', 'Nullam porttitor lacus at turpis. Donec posuere metus vitae ipsum. Aliquam non mauris.', 'Duis consequat dui nec nisi volutpat eleifend. Donec ut dolor. Morbi vel lectus in quam fringilla rhoncus.', 'apartment', 39, 48, 35, 22, 32, 7, 12);
insert into descriptions (id, title, descriptions, space, access, interactions, notes, property_type, guests, bedrooms, beds, bath, sparkling_clean, checkin_exp, great_location) values (60, 'Cras in purus eu magna vulputate luctus.', 'Lorem ipsum dolor sit amet, consectetuer adipiscing elit. Proin risus. Praesent lectus.', 'Pellentesque at nulla. Suspendisse potenti. Cras in purus eu magna vulputate luctus.', 'Sed ante. Vivamus tortor. Duis mattis egestas metus.', 'Cras mi pede, malesuada in, imperdiet et, commodo vulputate, justo. In blandit ultrices enim. Lorem ipsum dolor sit amet, consectetuer adipiscing elit.', 'Nulla ut erat id mauris vulputate elementum. Nullam varius. Nulla facilisi.', 'house', 13, 5, 15, 43, 90, 68, 78);
insert into descriptions (id, title, descriptions, space, access, interactions, notes, property_type, guests, bedrooms, beds, bath, sparkling_clean, checkin_exp, great_location) values (61, 'Quisque ut erat.', 'Duis bibendum. Morbi non quam nec dui luctus rutrum. Nulla tellus.', 'Nullam porttitor lacus at turpis. Donec posuere metus vitae ipsum. Aliquam non mauris.', 'Proin leo odio, porttitor id, consequat in, consequat ut, nulla. Sed accumsan felis. Ut at dolor quis odio consequat varius.', 'Fusce posuere felis sed lacus. Morbi sem mauris, laoreet ut, rhoncus aliquet, pulvinar sed, nisl. Nunc rhoncus dui vel sem.', 'Donec diam neque, vestibulum eget, vulputate ut, ultrices vel, augue. Vestibulum ante ipsum primis in faucibus orci luctus et ultrices posuere cubilia Curae; Donec pharetra, magna vestibulum aliquet ultrices, erat tortor sollicitudin mi, sit amet lobortis sapien sapien non mi. Integer ac neque.', 'apartment', 24, 17, 32, 5, 52, 88, 60);
insert into descriptions (id, title, descriptions, space, access, interactions, notes, property_type, guests, bedrooms, beds, bath, sparkling_clean, checkin_exp, great_location) values (62, 'Praesent id massa id nisl venenatis lacinia.', 'Vestibulum ac est lacinia nisi venenatis tristique. Fusce congue, diam id ornare imperdiet, sapien urna pretium nisl, ut volutpat sapien arcu sed augue. Aliquam erat volutpat.', 'Suspendisse potenti. In eleifend quam a odio. In hac habitasse platea dictumst.', 'Maecenas ut massa quis augue luctus tincidunt. Nulla mollis molestie lorem. Quisque ut erat.', 'Proin eu mi. Nulla ac enim. In tempor, turpis nec euismod scelerisque, quam turpis adipiscing lorem, vitae mattis nibh ligula nec sem.', 'Maecenas leo odio, condimentum id, luctus nec, molestie sed, justo. Pellentesque viverra pede ac diam. Cras pellentesque volutpat dui.', 'apartment', 31, 33, 13, 42, 76, 100, 65);
insert into descriptions (id, title, descriptions, space, access, interactions, notes, property_type, guests, bedrooms, beds, bath, sparkling_clean, checkin_exp, great_location) values (63, 'Quisque ut erat.', 'Mauris enim leo, rhoncus sed, vestibulum sit amet, cursus id, turpis. Integer aliquet, massa id lobortis convallis, tortor risus dapibus augue, vel accumsan tellus nisi eu orci. Mauris lacinia sapien quis libero.', 'Donec diam neque, vestibulum eget, vulputate ut, ultrices vel, augue. Vestibulum ante ipsum primis in faucibus orci luctus et ultrices posuere cubilia Curae; Donec pharetra, magna vestibulum aliquet ultrices, erat tortor sollicitudin mi, sit amet lobortis sapien sapien non mi. Integer ac neque.', 'In sagittis dui vel nisl. Duis ac nibh. Fusce lacus purus, aliquet at, feugiat non, pretium quis, lectus.', 'Aenean fermentum. Donec ut mauris eget massa tempor convallis. Nulla neque libero, convallis eget, eleifend luctus, ultricies eu, nibh.', 'Cras mi pede, malesuada in, imperdiet et, commodo vulputate, justo. In blandit ultrices enim. Lorem ipsum dolor sit amet, consectetuer adipiscing elit.', 'unique homes', 26, 45, 9, 35, 76, 20, 87);
insert into descriptions (id, title, descriptions, space, access, interactions, notes, property_type, guests, bedrooms, beds, bath, sparkling_clean, checkin_exp, great_location) values (64, 'Quisque erat eros, viverra eget, congue eget, semper rutrum, nulla.', 'Curabitur in libero ut massa volutpat convallis. Morbi odio odio, elementum eu, interdum eu, tincidunt in, leo. Maecenas pulvinar lobortis est.', 'Nullam porttitor lacus at turpis. Donec posuere metus vitae ipsum. Aliquam non mauris.', 'In hac habitasse platea dictumst. Etiam faucibus cursus urna. Ut tellus.', 'Duis consequat dui nec nisi volutpat eleifend. Donec ut dolor. Morbi vel lectus in quam fringilla rhoncus.', 'Mauris enim leo, rhoncus sed, vestibulum sit amet, cursus id, turpis. Integer aliquet, massa id lobortis convallis, tortor risus dapibus augue, vel accumsan tellus nisi eu orci. Mauris lacinia sapien quis libero.', 'unique homes', 24, 32, 3, 39, 79, 24, 97);
insert into descriptions (id, title, descriptions, space, access, interactions, notes, property_type, guests, bedrooms, beds, bath, sparkling_clean, checkin_exp, great_location) values (65, 'Morbi quis tortor id nulla ultrices aliquet.', 'Phasellus sit amet erat. Nulla tempus. Vivamus in felis eu sapien cursus vestibulum.', 'Integer ac leo. Pellentesque ultrices mattis odio. Donec vitae nisi.', 'Nulla ut erat id mauris vulputate elementum. Nullam varius. Nulla facilisi.', 'Phasellus sit amet erat. Nulla tempus. Vivamus in felis eu sapien cursus vestibulum.', 'Morbi porttitor lorem id ligula. Suspendisse ornare consequat lectus. In est risus, auctor sed, tristique in, tempus sit amet, sem.', 'bed and breakfast', 42, 14, 4, 33, 80, 59, 28);
insert into descriptions (id, title, descriptions, space, access, interactions, notes, property_type, guests, bedrooms, beds, bath, sparkling_clean, checkin_exp, great_location) values (66, 'Pellentesque viverra pede ac diam.', 'Suspendisse potenti. In eleifend quam a odio. In hac habitasse platea dictumst.', 'Proin eu mi. Nulla ac enim. In tempor, turpis nec euismod scelerisque, quam turpis adipiscing lorem, vitae mattis nibh ligula nec sem.', 'Suspendisse potenti. In eleifend quam a odio. In hac habitasse platea dictumst.', 'In sagittis dui vel nisl. Duis ac nibh. Fusce lacus purus, aliquet at, feugiat non, pretium quis, lectus.', 'Curabitur at ipsum ac tellus semper interdum. Mauris ullamcorper purus sit amet nulla. Quisque arcu libero, rutrum ac, lobortis vel, dapibus at, diam.', 'unique homes', 36, 40, 2, 19, 61, 43, 6);
insert into descriptions (id, title, descriptions, space, access, interactions, notes, property_type, guests, bedrooms, beds, bath, sparkling_clean, checkin_exp, great_location) values (67, 'Nulla facilisi.', 'In hac habitasse platea dictumst. Morbi vestibulum, velit id pretium iaculis, diam erat fermentum justo, nec condimentum neque sapien placerat ante. Nulla justo.', 'Phasellus sit amet erat. Nulla tempus. Vivamus in felis eu sapien cursus vestibulum.', 'Aenean fermentum. Donec ut mauris eget massa tempor convallis. Nulla neque libero, convallis eget, eleifend luctus, ultricies eu, nibh.', 'Cras non velit nec nisi vulputate nonummy. Maecenas tincidunt lacus at velit. Vivamus vel nulla eget eros elementum pellentesque.', 'In hac habitasse platea dictumst. Etiam faucibus cursus urna. Ut tellus.', 'unique homes', 25, 17, 2, 41, 77, 6, 43);
insert into descriptions (id, title, descriptions, space, access, interactions, notes, property_type, guests, bedrooms, beds, bath, sparkling_clean, checkin_exp, great_location) values (68, 'Curabitur convallis.', 'Duis bibendum. Morbi non quam nec dui luctus rutrum. Nulla tellus.', 'Praesent id massa id nisl venenatis lacinia. Aenean sit amet justo. Morbi ut odio.', 'Vestibulum quam sapien, varius ut, blandit non, interdum in, ante. Vestibulum ante ipsum primis in faucibus orci luctus et ultrices posuere cubilia Curae; Duis faucibus accumsan odio. Curabitur convallis.', 'Curabitur in libero ut massa volutpat convallis. Morbi odio odio, elementum eu, interdum eu, tincidunt in, leo. Maecenas pulvinar lobortis est.', 'Donec diam neque, vestibulum eget, vulputate ut, ultrices vel, augue. Vestibulum ante ipsum primis in faucibus orci luctus et ultrices posuere cubilia Curae; Donec pharetra, magna vestibulum aliquet ultrices, erat tortor sollicitudin mi, sit amet lobortis sapien sapien non mi. Integer ac neque.', 'bed and breakfast', 30, 38, 35, 25, 70, 52, 36);
insert into descriptions (id, title, descriptions, space, access, interactions, notes, property_type, guests, bedrooms, beds, bath, sparkling_clean, checkin_exp, great_location) values (69, 'Nulla suscipit ligula in lacus.', 'Cum sociis natoque penatibus et magnis dis parturient montes, nascetur ridiculus mus. Vivamus vestibulum sagittis sapien. Cum sociis natoque penatibus et magnis dis parturient montes, nascetur ridiculus mus.', 'Etiam vel augue. Vestibulum rutrum rutrum neque. Aenean auctor gravida sem.', 'Etiam vel augue. Vestibulum rutrum rutrum neque. Aenean auctor gravida sem.', 'Duis aliquam convallis nunc. Proin at turpis a pede posuere nonummy. Integer non velit.', 'Curabitur at ipsum ac tellus semper interdum. Mauris ullamcorper purus sit amet nulla. Quisque arcu libero, rutrum ac, lobortis vel, dapibus at, diam.', 'bed and breakfast', 41, 6, 6, 9, 10, 85, 38);
insert into descriptions (id, title, descriptions, space, access, interactions, notes, property_type, guests, bedrooms, beds, bath, sparkling_clean, checkin_exp, great_location) values (70, 'Nullam molestie nibh in lectus.', 'Morbi non lectus. Aliquam sit amet diam in magna bibendum imperdiet. Nullam orci pede, venenatis non, sodales sed, tincidunt eu, felis.', 'Cum sociis natoque penatibus et magnis dis parturient montes, nascetur ridiculus mus. Vivamus vestibulum sagittis sapien. Cum sociis natoque penatibus et magnis dis parturient montes, nascetur ridiculus mus.', 'Fusce consequat. Nulla nisl. Nunc nisl.', 'In hac habitasse platea dictumst. Etiam faucibus cursus urna. Ut tellus.', 'In congue. Etiam justo. Etiam pretium iaculis justo.', 'house', 27, 37, 45, 49, 80, 42, 46);
insert into descriptions (id, title, descriptions, space, access, interactions, notes, property_type, guests, bedrooms, beds, bath, sparkling_clean, checkin_exp, great_location) values (71, 'Etiam justo.', 'Lorem ipsum dolor sit amet, consectetuer adipiscing elit. Proin risus. Praesent lectus.', 'Sed ante. Vivamus tortor. Duis mattis egestas metus.', 'Phasellus sit amet erat. Nulla tempus. Vivamus in felis eu sapien cursus vestibulum.', 'Cras mi pede, malesuada in, imperdiet et, commodo vulputate, justo. In blandit ultrices enim. Lorem ipsum dolor sit amet, consectetuer adipiscing elit.', 'Quisque porta volutpat erat. Quisque erat eros, viverra eget, congue eget, semper rutrum, nulla. Nunc purus.', 'apartment', 37, 12, 25, 23, 74, 26, 60);
insert into descriptions (id, title, descriptions, space, access, interactions, notes, property_type, guests, bedrooms, beds, bath, sparkling_clean, checkin_exp, great_location) values (72, 'Morbi non lectus.', 'Quisque id justo sit amet sapien dignissim vestibulum. Vestibulum ante ipsum primis in faucibus orci luctus et ultrices posuere cubilia Curae; Nulla dapibus dolor vel est. Donec odio justo, sollicitudin ut, suscipit a, feugiat et, eros.', 'Duis bibendum, felis sed interdum venenatis, turpis enim blandit mi, in porttitor pede justo eu massa. Donec dapibus. Duis at velit eu est congue elementum.', 'Aenean lectus. Pellentesque eget nunc. Donec quis orci eget orci vehicula condimentum.', 'Quisque id justo sit amet sapien dignissim vestibulum. Vestibulum ante ipsum primis in faucibus orci luctus et ultrices posuere cubilia Curae; Nulla dapibus dolor vel est. Donec odio justo, sollicitudin ut, suscipit a, feugiat et, eros.', 'Curabitur gravida nisi at nibh. In hac habitasse platea dictumst. Aliquam augue quam, sollicitudin vitae, consectetuer eget, rutrum at, lorem.', 'bed and breakfast', 45, 39, 1, 45, 4, 12, 9);
insert into descriptions (id, title, descriptions, space, access, interactions, notes, property_type, guests, bedrooms, beds, bath, sparkling_clean, checkin_exp, great_location) values (73, 'Quisque id justo sit amet sapien dignissim vestibulum.', 'Fusce posuere felis sed lacus. Morbi sem mauris, laoreet ut, rhoncus aliquet, pulvinar sed, nisl. Nunc rhoncus dui vel sem.', 'Proin eu mi. Nulla ac enim. In tempor, turpis nec euismod scelerisque, quam turpis adipiscing lorem, vitae mattis nibh ligula nec sem.', 'In hac habitasse platea dictumst. Etiam faucibus cursus urna. Ut tellus.', 'Lorem ipsum dolor sit amet, consectetuer adipiscing elit. Proin risus. Praesent lectus.', 'Quisque id justo sit amet sapien dignissim vestibulum. Vestibulum ante ipsum primis in faucibus orci luctus et ultrices posuere cubilia Curae; Nulla dapibus dolor vel est. Donec odio justo, sollicitudin ut, suscipit a, feugiat et, eros.', 'bed and breakfast', 18, 17, 42, 15, 72, 60, 42);
insert into descriptions (id, title, descriptions, space, access, interactions, notes, property_type, guests, bedrooms, beds, bath, sparkling_clean, checkin_exp, great_location) values (74, 'Vestibulum rutrum rutrum neque.', 'Integer ac leo. Pellentesque ultrices mattis odio. Donec vitae nisi.', 'Sed ante. Vivamus tortor. Duis mattis egestas metus.', 'Proin interdum mauris non ligula pellentesque ultrices. Phasellus id sapien in sapien iaculis congue. Vivamus metus arcu, adipiscing molestie, hendrerit at, vulputate vitae, nisl.', 'Nullam sit amet turpis elementum ligula vehicula consequat. Morbi a ipsum. Integer a nibh.', 'Aenean fermentum. Donec ut mauris eget massa tempor convallis. Nulla neque libero, convallis eget, eleifend luctus, ultricies eu, nibh.', 'house', 36, 7, 16, 19, 39, 22, 54);
insert into descriptions (id, title, descriptions, space, access, interactions, notes, property_type, guests, bedrooms, beds, bath, sparkling_clean, checkin_exp, great_location) values (75, 'In hac habitasse platea dictumst.', 'Proin leo odio, porttitor id, consequat in, consequat ut, nulla. Sed accumsan felis. Ut at dolor quis odio consequat varius.', 'Pellentesque at nulla. Suspendisse potenti. Cras in purus eu magna vulputate luctus.', 'Duis consequat dui nec nisi volutpat eleifend. Donec ut dolor. Morbi vel lectus in quam fringilla rhoncus.', 'Vestibulum quam sapien, varius ut, blandit non, interdum in, ante. Vestibulum ante ipsum primis in faucibus orci luctus et ultrices posuere cubilia Curae; Duis faucibus accumsan odio. Curabitur convallis.', 'Proin leo odio, porttitor id, consequat in, consequat ut, nulla. Sed accumsan felis. Ut at dolor quis odio consequat varius.', 'bed and breakfast', 22, 26, 29, 28, 41, 34, 93);
insert into descriptions (id, title, descriptions, space, access, interactions, notes, property_type, guests, bedrooms, beds, bath, sparkling_clean, checkin_exp, great_location) values (76, 'Proin interdum mauris non ligula pellentesque ultrices.', 'Curabitur gravida nisi at nibh. In hac habitasse platea dictumst. Aliquam augue quam, sollicitudin vitae, consectetuer eget, rutrum at, lorem.', 'Vestibulum quam sapien, varius ut, blandit non, interdum in, ante. Vestibulum ante ipsum primis in faucibus orci luctus et ultrices posuere cubilia Curae; Duis faucibus accumsan odio. Curabitur convallis.', 'Praesent id massa id nisl venenatis lacinia. Aenean sit amet justo. Morbi ut odio.', 'In hac habitasse platea dictumst. Morbi vestibulum, velit id pretium iaculis, diam erat fermentum justo, nec condimentum neque sapien placerat ante. Nulla justo.', 'Etiam vel augue. Vestibulum rutrum rutrum neque. Aenean auctor gravida sem.', 'house', 9, 22, 42, 31, 24, 74, 57);
insert into descriptions (id, title, descriptions, space, access, interactions, notes, property_type, guests, bedrooms, beds, bath, sparkling_clean, checkin_exp, great_location) values (77, 'Proin risus.', 'Lorem ipsum dolor sit amet, consectetuer adipiscing elit. Proin risus. Praesent lectus.', 'Integer tincidunt ante vel ipsum. Praesent blandit lacinia erat. Vestibulum sed magna at nunc commodo placerat.', 'In sagittis dui vel nisl. Duis ac nibh. Fusce lacus purus, aliquet at, feugiat non, pretium quis, lectus.', 'Praesent blandit. Nam nulla. Integer pede justo, lacinia eget, tincidunt eget, tempus vel, pede.', 'Phasellus sit amet erat. Nulla tempus. Vivamus in felis eu sapien cursus vestibulum.', 'bed and breakfast', 8, 39, 32, 28, 29, 68, 83);
insert into descriptions (id, title, descriptions, space, access, interactions, notes, property_type, guests, bedrooms, beds, bath, sparkling_clean, checkin_exp, great_location) values (78, 'Mauris sit amet eros.', 'Pellentesque at nulla. Suspendisse potenti. Cras in purus eu magna vulputate luctus.', 'Mauris enim leo, rhoncus sed, vestibulum sit amet, cursus id, turpis. Integer aliquet, massa id lobortis convallis, tortor risus dapibus augue, vel accumsan tellus nisi eu orci. Mauris lacinia sapien quis libero.', 'Aenean lectus. Pellentesque eget nunc. Donec quis orci eget orci vehicula condimentum.', 'In quis justo. Maecenas rhoncus aliquam lacus. Morbi quis tortor id nulla ultrices aliquet.', 'Duis consequat dui nec nisi volutpat eleifend. Donec ut dolor. Morbi vel lectus in quam fringilla rhoncus.', 'bed and breakfast', 42, 22, 34, 46, 51, 71, 4);
insert into descriptions (id, title, descriptions, space, access, interactions, notes, property_type, guests, bedrooms, beds, bath, sparkling_clean, checkin_exp, great_location) values (79, 'Vestibulum ante ipsum primis in faucibus orci luctus et ultrices posuere cubilia Curae; Mauris viverra diam vitae quam.', 'Proin eu mi. Nulla ac enim. In tempor, turpis nec euismod scelerisque, quam turpis adipiscing lorem, vitae mattis nibh ligula nec sem.', 'Nullam sit amet turpis elementum ligula vehicula consequat. Morbi a ipsum. Integer a nibh.', 'Integer tincidunt ante vel ipsum. Praesent blandit lacinia erat. Vestibulum sed magna at nunc commodo placerat.', 'Donec diam neque, vestibulum eget, vulputate ut, ultrices vel, augue. Vestibulum ante ipsum primis in faucibus orci luctus et ultrices posuere cubilia Curae; Donec pharetra, magna vestibulum aliquet ultrices, erat tortor sollicitudin mi, sit amet lobortis sapien sapien non mi. Integer ac neque.', 'Cum sociis natoque penatibus et magnis dis parturient montes, nascetur ridiculus mus. Vivamus vestibulum sagittis sapien. Cum sociis natoque penatibus et magnis dis parturient montes, nascetur ridiculus mus.', 'apartment', 36, 11, 36, 5, 49, 12, 23);
insert into descriptions (id, title, descriptions, space, access, interactions, notes, property_type, guests, bedrooms, beds, bath, sparkling_clean, checkin_exp, great_location) values (80, 'Nam nulla.', 'Proin leo odio, porttitor id, consequat in, consequat ut, nulla. Sed accumsan felis. Ut at dolor quis odio consequat varius.', 'Cras mi pede, malesuada in, imperdiet et, commodo vulputate, justo. In blandit ultrices enim. Lorem ipsum dolor sit amet, consectetuer adipiscing elit.', 'Nam ultrices, libero non mattis pulvinar, nulla pede ullamcorper augue, a suscipit nulla elit ac nulla. Sed vel enim sit amet nunc viverra dapibus. Nulla suscipit ligula in lacus.', 'Lorem ipsum dolor sit amet, consectetuer adipiscing elit. Proin risus. Praesent lectus.', 'Cum sociis natoque penatibus et magnis dis parturient montes, nascetur ridiculus mus. Vivamus vestibulum sagittis sapien. Cum sociis natoque penatibus et magnis dis parturient montes, nascetur ridiculus mus.', 'apartment', 31, 1, 41, 46, 2, 20, 59);
insert into descriptions (id, title, descriptions, space, access, interactions, notes, property_type, guests, bedrooms, beds, bath, sparkling_clean, checkin_exp, great_location) values (81, 'Mauris sit amet eros.', 'Sed ante. Vivamus tortor. Duis mattis egestas metus.', 'Duis consequat dui nec nisi volutpat eleifend. Donec ut dolor. Morbi vel lectus in quam fringilla rhoncus.', 'Maecenas ut massa quis augue luctus tincidunt. Nulla mollis molestie lorem. Quisque ut erat.', 'Vestibulum quam sapien, varius ut, blandit non, interdum in, ante. Vestibulum ante ipsum primis in faucibus orci luctus et ultrices posuere cubilia Curae; Duis faucibus accumsan odio. Curabitur convallis.', 'Aenean fermentum. Donec ut mauris eget massa tempor convallis. Nulla neque libero, convallis eget, eleifend luctus, ultricies eu, nibh.', 'house', 34, 30, 25, 33, 30, 95, 18);
insert into descriptions (id, title, descriptions, space, access, interactions, notes, property_type, guests, bedrooms, beds, bath, sparkling_clean, checkin_exp, great_location) values (82, 'Nunc rhoncus dui vel sem.', 'Nullam porttitor lacus at turpis. Donec posuere metus vitae ipsum. Aliquam non mauris.', 'Maecenas ut massa quis augue luctus tincidunt. Nulla mollis molestie lorem. Quisque ut erat.', 'Proin eu mi. Nulla ac enim. In tempor, turpis nec euismod scelerisque, quam turpis adipiscing lorem, vitae mattis nibh ligula nec sem.', 'Cras non velit nec nisi vulputate nonummy. Maecenas tincidunt lacus at velit. Vivamus vel nulla eget eros elementum pellentesque.', 'Cum sociis natoque penatibus et magnis dis parturient montes, nascetur ridiculus mus. Vivamus vestibulum sagittis sapien. Cum sociis natoque penatibus et magnis dis parturient montes, nascetur ridiculus mus.', 'unique homes', 6, 34, 1, 27, 66, 80, 72);
insert into descriptions (id, title, descriptions, space, access, interactions, notes, property_type, guests, bedrooms, beds, bath, sparkling_clean, checkin_exp, great_location) values (83, 'In quis justo.', 'Pellentesque at nulla. Suspendisse potenti. Cras in purus eu magna vulputate luctus.', 'Integer tincidunt ante vel ipsum. Praesent blandit lacinia erat. Vestibulum sed magna at nunc commodo placerat.', 'In hac habitasse platea dictumst. Etiam faucibus cursus urna. Ut tellus.', 'Quisque porta volutpat erat. Quisque erat eros, viverra eget, congue eget, semper rutrum, nulla. Nunc purus.', 'Praesent blandit. Nam nulla. Integer pede justo, lacinia eget, tincidunt eget, tempus vel, pede.', 'unique homes', 25, 16, 21, 38, 22, 70, 100);
insert into descriptions (id, title, descriptions, space, access, interactions, notes, property_type, guests, bedrooms, beds, bath, sparkling_clean, checkin_exp, great_location) values (84, 'In hac habitasse platea dictumst.', 'Quisque porta volutpat erat. Quisque erat eros, viverra eget, congue eget, semper rutrum, nulla. Nunc purus.', 'Cum sociis natoque penatibus et magnis dis parturient montes, nascetur ridiculus mus. Vivamus vestibulum sagittis sapien. Cum sociis natoque penatibus et magnis dis parturient montes, nascetur ridiculus mus.', 'Vestibulum ac est lacinia nisi venenatis tristique. Fusce congue, diam id ornare imperdiet, sapien urna pretium nisl, ut volutpat sapien arcu sed augue. Aliquam erat volutpat.', 'Duis bibendum. Morbi non quam nec dui luctus rutrum. Nulla tellus.', 'Pellentesque at nulla. Suspendisse potenti. Cras in purus eu magna vulputate luctus.', 'bed and breakfast', 35, 45, 37, 7, 89, 70, 96);
insert into descriptions (id, title, descriptions, space, access, interactions, notes, property_type, guests, bedrooms, beds, bath, sparkling_clean, checkin_exp, great_location) values (85, 'Praesent lectus.', 'Integer ac leo. Pellentesque ultrices mattis odio. Donec vitae nisi.', 'Fusce consequat. Nulla nisl. Nunc nisl.', 'Cras mi pede, malesuada in, imperdiet et, commodo vulputate, justo. In blandit ultrices enim. Lorem ipsum dolor sit amet, consectetuer adipiscing elit.', 'In hac habitasse platea dictumst. Etiam faucibus cursus urna. Ut tellus.', 'Etiam vel augue. Vestibulum rutrum rutrum neque. Aenean auctor gravida sem.', 'bed and breakfast', 36, 39, 25, 15, 39, 46, 49);
insert into descriptions (id, title, descriptions, space, access, interactions, notes, property_type, guests, bedrooms, beds, bath, sparkling_clean, checkin_exp, great_location) values (86, 'Etiam justo.', 'In quis justo. Maecenas rhoncus aliquam lacus. Morbi quis tortor id nulla ultrices aliquet.', 'Phasellus in felis. Donec semper sapien a libero. Nam dui.', 'Phasellus sit amet erat. Nulla tempus. Vivamus in felis eu sapien cursus vestibulum.', 'Proin interdum mauris non ligula pellentesque ultrices. Phasellus id sapien in sapien iaculis congue. Vivamus metus arcu, adipiscing molestie, hendrerit at, vulputate vitae, nisl.', 'Mauris enim leo, rhoncus sed, vestibulum sit amet, cursus id, turpis. Integer aliquet, massa id lobortis convallis, tortor risus dapibus augue, vel accumsan tellus nisi eu orci. Mauris lacinia sapien quis libero.', 'apartment', 40, 36, 14, 11, 17, 8, 95);
insert into descriptions (id, title, descriptions, space, access, interactions, notes, property_type, guests, bedrooms, beds, bath, sparkling_clean, checkin_exp, great_location) values (87, 'Proin interdum mauris non ligula pellentesque ultrices.', 'Aenean fermentum. Donec ut mauris eget massa tempor convallis. Nulla neque libero, convallis eget, eleifend luctus, ultricies eu, nibh.', 'Sed ante. Vivamus tortor. Duis mattis egestas metus.', 'Mauris enim leo, rhoncus sed, vestibulum sit amet, cursus id, turpis. Integer aliquet, massa id lobortis convallis, tortor risus dapibus augue, vel accumsan tellus nisi eu orci. Mauris lacinia sapien quis libero.', 'Aenean fermentum. Donec ut mauris eget massa tempor convallis. Nulla neque libero, convallis eget, eleifend luctus, ultricies eu, nibh.', 'Quisque id justo sit amet sapien dignissim vestibulum. Vestibulum ante ipsum primis in faucibus orci luctus et ultrices posuere cubilia Curae; Nulla dapibus dolor vel est. Donec odio justo, sollicitudin ut, suscipit a, feugiat et, eros.', 'bed and breakfast', 33, 26, 10, 7, 12, 30, 89);
insert into descriptions (id, title, descriptions, space, access, interactions, notes, property_type, guests, bedrooms, beds, bath, sparkling_clean, checkin_exp, great_location) values (88, 'Integer ac leo.', 'Proin eu mi. Nulla ac enim. In tempor, turpis nec euismod scelerisque, quam turpis adipiscing lorem, vitae mattis nibh ligula nec sem.', 'Donec diam neque, vestibulum eget, vulputate ut, ultrices vel, augue. Vestibulum ante ipsum primis in faucibus orci luctus et ultrices posuere cubilia Curae; Donec pharetra, magna vestibulum aliquet ultrices, erat tortor sollicitudin mi, sit amet lobortis sapien sapien non mi. Integer ac neque.', 'Sed ante. Vivamus tortor. Duis mattis egestas metus.', 'Fusce posuere felis sed lacus. Morbi sem mauris, laoreet ut, rhoncus aliquet, pulvinar sed, nisl. Nunc rhoncus dui vel sem.', 'In quis justo. Maecenas rhoncus aliquam lacus. Morbi quis tortor id nulla ultrices aliquet.', 'house', 17, 20, 23, 27, 74, 85, 14);
insert into descriptions (id, title, descriptions, space, access, interactions, notes, property_type, guests, bedrooms, beds, bath, sparkling_clean, checkin_exp, great_location) values (89, 'Nulla justo.', 'Pellentesque at nulla. Suspendisse potenti. Cras in purus eu magna vulputate luctus.', 'Duis aliquam convallis nunc. Proin at turpis a pede posuere nonummy. Integer non velit.', 'Aenean lectus. Pellentesque eget nunc. Donec quis orci eget orci vehicula condimentum.', 'In hac habitasse platea dictumst. Etiam faucibus cursus urna. Ut tellus.', 'In sagittis dui vel nisl. Duis ac nibh. Fusce lacus purus, aliquet at, feugiat non, pretium quis, lectus.', 'bed and breakfast', 30, 10, 1, 35, 63, 92, 29);
insert into descriptions (id, title, descriptions, space, access, interactions, notes, property_type, guests, bedrooms, beds, bath, sparkling_clean, checkin_exp, great_location) values (90, 'Duis consequat dui nec nisi volutpat eleifend.', 'Cras non velit nec nisi vulputate nonummy. Maecenas tincidunt lacus at velit. Vivamus vel nulla eget eros elementum pellentesque.', 'Duis aliquam convallis nunc. Proin at turpis a pede posuere nonummy. Integer non velit.', 'Etiam vel augue. Vestibulum rutrum rutrum neque. Aenean auctor gravida sem.', 'Duis bibendum. Morbi non quam nec dui luctus rutrum. Nulla tellus.', 'Curabitur gravida nisi at nibh. In hac habitasse platea dictumst. Aliquam augue quam, sollicitudin vitae, consectetuer eget, rutrum at, lorem.', 'unique homes', 24, 12, 19, 22, 29, 53, 82);
insert into descriptions (id, title, descriptions, space, access, interactions, notes, property_type, guests, bedrooms, beds, bath, sparkling_clean, checkin_exp, great_location) values (91, 'Vestibulum ante ipsum primis in faucibus orci luctus et ultrices posuere cubilia Curae; Donec pharetra, magna vestibulum aliquet ultrices, erat tortor sollicitudin mi, sit amet lobortis sapien sapien non mi.', 'In hac habitasse platea dictumst. Morbi vestibulum, velit id pretium iaculis, diam erat fermentum justo, nec condimentum neque sapien placerat ante. Nulla justo.', 'In quis justo. Maecenas rhoncus aliquam lacus. Morbi quis tortor id nulla ultrices aliquet.', 'Phasellus in felis. Donec semper sapien a libero. Nam dui.', 'Fusce posuere felis sed lacus. Morbi sem mauris, laoreet ut, rhoncus aliquet, pulvinar sed, nisl. Nunc rhoncus dui vel sem.', 'Nullam sit amet turpis elementum ligula vehicula consequat. Morbi a ipsum. Integer a nibh.', 'bed and breakfast', 14, 37, 31, 35, 34, 17, 86);
insert into descriptions (id, title, descriptions, space, access, interactions, notes, property_type, guests, bedrooms, beds, bath, sparkling_clean, checkin_exp, great_location) values (92, 'Maecenas tincidunt lacus at velit.', 'Donec diam neque, vestibulum eget, vulputate ut, ultrices vel, augue. Vestibulum ante ipsum primis in faucibus orci luctus et ultrices posuere cubilia Curae; Donec pharetra, magna vestibulum aliquet ultrices, erat tortor sollicitudin mi, sit amet lobortis sapien sapien non mi. Integer ac neque.', 'Fusce posuere felis sed lacus. Morbi sem mauris, laoreet ut, rhoncus aliquet, pulvinar sed, nisl. Nunc rhoncus dui vel sem.', 'Aenean lectus. Pellentesque eget nunc. Donec quis orci eget orci vehicula condimentum.', 'Vestibulum ac est lacinia nisi venenatis tristique. Fusce congue, diam id ornare imperdiet, sapien urna pretium nisl, ut volutpat sapien arcu sed augue. Aliquam erat volutpat.', 'Fusce posuere felis sed lacus. Morbi sem mauris, laoreet ut, rhoncus aliquet, pulvinar sed, nisl. Nunc rhoncus dui vel sem.', 'house', 30, 50, 48, 49, 80, 42, 16);
insert into descriptions (id, title, descriptions, space, access, interactions, notes, property_type, guests, bedrooms, beds, bath, sparkling_clean, checkin_exp, great_location) values (93, 'Etiam vel augue.', 'Integer ac leo. Pellentesque ultrices mattis odio. Donec vitae nisi.', 'Morbi non lectus. Aliquam sit amet diam in magna bibendum imperdiet. Nullam orci pede, venenatis non, sodales sed, tincidunt eu, felis.', 'Aenean fermentum. Donec ut mauris eget massa tempor convallis. Nulla neque libero, convallis eget, eleifend luctus, ultricies eu, nibh.', 'Curabitur in libero ut massa volutpat convallis. Morbi odio odio, elementum eu, interdum eu, tincidunt in, leo. Maecenas pulvinar lobortis est.', 'Phasellus in felis. Donec semper sapien a libero. Nam dui.', 'apartment', 35, 34, 47, 30, 51, 44, 25);
insert into descriptions (id, title, descriptions, space, access, interactions, notes, property_type, guests, bedrooms, beds, bath, sparkling_clean, checkin_exp, great_location) values (94, 'Mauris lacinia sapien quis libero.', 'Nullam porttitor lacus at turpis. Donec posuere metus vitae ipsum. Aliquam non mauris.', 'Vestibulum quam sapien, varius ut, blandit non, interdum in, ante. Vestibulum ante ipsum primis in faucibus orci luctus et ultrices posuere cubilia Curae; Duis faucibus accumsan odio. Curabitur convallis.', 'Aliquam quis turpis eget elit sodales scelerisque. Mauris sit amet eros. Suspendisse accumsan tortor quis turpis.', 'Curabitur gravida nisi at nibh. In hac habitasse platea dictumst. Aliquam augue quam, sollicitudin vitae, consectetuer eget, rutrum at, lorem.', 'Quisque id justo sit amet sapien dignissim vestibulum. Vestibulum ante ipsum primis in faucibus orci luctus et ultrices posuere cubilia Curae; Nulla dapibus dolor vel est. Donec odio justo, sollicitudin ut, suscipit a, feugiat et, eros.', 'house', 28, 43, 48, 28, 95, 37, 90);
insert into descriptions (id, title, descriptions, space, access, interactions, notes, property_type, guests, bedrooms, beds, bath, sparkling_clean, checkin_exp, great_location) values (95, 'Aliquam quis turpis eget elit sodales scelerisque.', 'Maecenas leo odio, condimentum id, luctus nec, molestie sed, justo. Pellentesque viverra pede ac diam. Cras pellentesque volutpat dui.', 'Lorem ipsum dolor sit amet, consectetuer adipiscing elit. Proin risus. Praesent lectus.', 'Aliquam quis turpis eget elit sodales scelerisque. Mauris sit amet eros. Suspendisse accumsan tortor quis turpis.', 'Morbi non lectus. Aliquam sit amet diam in magna bibendum imperdiet. Nullam orci pede, venenatis non, sodales sed, tincidunt eu, felis.', 'Cras mi pede, malesuada in, imperdiet et, commodo vulputate, justo. In blandit ultrices enim. Lorem ipsum dolor sit amet, consectetuer adipiscing elit.', 'house', 3, 48, 13, 21, 55, 43, 54);
insert into descriptions (id, title, descriptions, space, access, interactions, notes, property_type, guests, bedrooms, beds, bath, sparkling_clean, checkin_exp, great_location) values (96, 'Nulla suscipit ligula in lacus.', 'Sed ante. Vivamus tortor. Duis mattis egestas metus.', 'Nam ultrices, libero non mattis pulvinar, nulla pede ullamcorper augue, a suscipit nulla elit ac nulla. Sed vel enim sit amet nunc viverra dapibus. Nulla suscipit ligula in lacus.', 'Aliquam quis turpis eget elit sodales scelerisque. Mauris sit amet eros. Suspendisse accumsan tortor quis turpis.', 'Morbi non lectus. Aliquam sit amet diam in magna bibendum imperdiet. Nullam orci pede, venenatis non, sodales sed, tincidunt eu, felis.', 'Mauris enim leo, rhoncus sed, vestibulum sit amet, cursus id, turpis. Integer aliquet, massa id lobortis convallis, tortor risus dapibus augue, vel accumsan tellus nisi eu orci. Mauris lacinia sapien quis libero.', 'unique homes', 12, 31, 33, 33, 13, 56, 84);
insert into descriptions (id, title, descriptions, space, access, interactions, notes, property_type, guests, bedrooms, beds, bath, sparkling_clean, checkin_exp, great_location) values (97, 'In quis justo.', 'Maecenas ut massa quis augue luctus tincidunt. Nulla mollis molestie lorem. Quisque ut erat.', 'Duis bibendum. Morbi non quam nec dui luctus rutrum. Nulla tellus.', 'Aenean lectus. Pellentesque eget nunc. Donec quis orci eget orci vehicula condimentum.', 'Cum sociis natoque penatibus et magnis dis parturient montes, nascetur ridiculus mus. Vivamus vestibulum sagittis sapien. Cum sociis natoque penatibus et magnis dis parturient montes, nascetur ridiculus mus.', 'Nam ultrices, libero non mattis pulvinar, nulla pede ullamcorper augue, a suscipit nulla elit ac nulla. Sed vel enim sit amet nunc viverra dapibus. Nulla suscipit ligula in lacus.', 'apartment', 15, 12, 43, 29, 30, 47, 91);
insert into descriptions (id, title, descriptions, space, access, interactions, notes, property_type, guests, bedrooms, beds, bath, sparkling_clean, checkin_exp, great_location) values (98, 'Nunc purus.', 'Duis aliquam convallis nunc. Proin at turpis a pede posuere nonummy. Integer non velit.', 'Sed ante. Vivamus tortor. Duis mattis egestas metus.', 'Donec diam neque, vestibulum eget, vulputate ut, ultrices vel, augue. Vestibulum ante ipsum primis in faucibus orci luctus et ultrices posuere cubilia Curae; Donec pharetra, magna vestibulum aliquet ultrices, erat tortor sollicitudin mi, sit amet lobortis sapien sapien non mi. Integer ac neque.', 'Nam ultrices, libero non mattis pulvinar, nulla pede ullamcorper augue, a suscipit nulla elit ac nulla. Sed vel enim sit amet nunc viverra dapibus. Nulla suscipit ligula in lacus.', 'Curabitur gravida nisi at nibh. In hac habitasse platea dictumst. Aliquam augue quam, sollicitudin vitae, consectetuer eget, rutrum at, lorem.', 'bed and breakfast', 10, 1, 49, 27, 42, 52, 48);
insert into descriptions (id, title, descriptions, space, access, interactions, notes, property_type, guests, bedrooms, beds, bath, sparkling_clean, checkin_exp, great_location) values (99, 'Curabitur in libero ut massa volutpat convallis.', 'Phasellus sit amet erat. Nulla tempus. Vivamus in felis eu sapien cursus vestibulum.', 'Maecenas leo odio, condimentum id, luctus nec, molestie sed, justo. Pellentesque viverra pede ac diam. Cras pellentesque volutpat dui.', 'Maecenas leo odio, condimentum id, luctus nec, molestie sed, justo. Pellentesque viverra pede ac diam. Cras pellentesque volutpat dui.', 'Curabitur in libero ut massa volutpat convallis. Morbi odio odio, elementum eu, interdum eu, tincidunt in, leo. Maecenas pulvinar lobortis est.', 'Phasellus sit amet erat. Nulla tempus. Vivamus in felis eu sapien cursus vestibulum.', 'unique homes', 6, 40, 35, 18, 31, 87, 65);
insert into descriptions (id, title, descriptions, space, access, interactions, notes, property_type, guests, bedrooms, beds, bath, sparkling_clean, checkin_exp, great_location) values (100, 'Donec posuere metus vitae ipsum.', 'Praesent id massa id nisl venenatis lacinia. Aenean sit amet justo. Morbi ut odio.', 'Aenean lectus. Pellentesque eget nunc. Donec quis orci eget orci vehicula condimentum.', 'Morbi porttitor lorem id ligula. Suspendisse ornare consequat lectus. In est risus, auctor sed, tristique in, tempus sit amet, sem.', 'Sed sagittis. Nam congue, risus semper porta volutpat, quam pede lobortis ligula, sit amet eleifend pede libero quis orci. Nullam molestie nibh in lectus.', 'Quisque porta volutpat erat. Quisque erat eros, viverra eget, congue eget, semper rutrum, nulla. Nunc purus.', 'house', 27, 2, 14, 19, 30, 74, 15);

-- description_to_amenities
INSERT INTO description_to_amenities (description_id, amenities_id) VALUES (17, 9);
INSERT INTO description_to_amenities (description_id, amenities_id) VALUES (88, 25);
INSERT INTO description_to_amenities (description_id, amenities_id) VALUES (96, 8);
INSERT INTO description_to_amenities (description_id, amenities_id) VALUES (96, 25);
INSERT INTO description_to_amenities (description_id, amenities_id) VALUES (70, 4);
INSERT INTO description_to_amenities (description_id, amenities_id) VALUES (22, 5);
INSERT INTO description_to_amenities (description_id, amenities_id) VALUES (27, 24);
INSERT INTO description_to_amenities (description_id, amenities_id) VALUES (45, 23);
INSERT INTO description_to_amenities (description_id, amenities_id) VALUES (51, 8);
INSERT INTO description_to_amenities (description_id, amenities_id) VALUES (76, 11);
INSERT INTO description_to_amenities (description_id, amenities_id) VALUES (29, 5);
INSERT INTO description_to_amenities (description_id, amenities_id) VALUES (51, 11);
INSERT INTO description_to_amenities (description_id, amenities_id) VALUES (83, 16);
INSERT INTO description_to_amenities (description_id, amenities_id) VALUES (76, 16);
INSERT INTO description_to_amenities (description_id, amenities_id) VALUES (23, 16);
INSERT INTO description_to_amenities (description_id, amenities_id) VALUES (89, 14);
INSERT INTO description_to_amenities (description_id, amenities_id) VALUES (48, 12);
INSERT INTO description_to_amenities (description_id, amenities_id) VALUES (70, 10);
INSERT INTO description_to_amenities (description_id, amenities_id) VALUES (37, 3);
INSERT INTO description_to_amenities (description_id, amenities_id) VALUES (81, 16);
INSERT INTO description_to_amenities (description_id, amenities_id) VALUES (47, 2);
INSERT INTO description_to_amenities (description_id, amenities_id) VALUES (21, 17);
INSERT INTO description_to_amenities (description_id, amenities_id) VALUES (12, 20);
INSERT INTO description_to_amenities (description_id, amenities_id) VALUES (61, 16);
INSERT INTO description_to_amenities (description_id, amenities_id) VALUES (76, 24);
INSERT INTO description_to_amenities (description_id, amenities_id) VALUES (8, 13);
INSERT INTO description_to_amenities (description_id, amenities_id) VALUES (42, 25);
INSERT INTO description_to_amenities (description_id, amenities_id) VALUES (35, 10);
INSERT INTO description_to_amenities (description_id, amenities_id) VALUES (24, 7);
INSERT INTO description_to_amenities (description_id, amenities_id) VALUES (28, 5);
INSERT INTO description_to_amenities (description_id, amenities_id) VALUES (37, 23);
INSERT INTO description_to_amenities (description_id, amenities_id) VALUES (92, 3);
INSERT INTO description_to_amenities (description_id, amenities_id) VALUES (38, 15);
INSERT INTO description_to_amenities (description_id, amenities_id) VALUES (39, 22);
INSERT INTO description_to_amenities (description_id, amenities_id) VALUES (34, 22);
INSERT INTO description_to_amenities (description_id, amenities_id) VALUES (81, 18);
INSERT INTO description_to_amenities (description_id, amenities_id) VALUES (84, 25);
INSERT INTO description_to_amenities (description_id, amenities_id) VALUES (23, 14);
INSERT INTO description_to_amenities (description_id, amenities_id) VALUES (99, 5);
INSERT INTO description_to_amenities (description_id, amenities_id) VALUES (25, 12);
INSERT INTO description_to_amenities (description_id, amenities_id) VALUES (77, 12);
INSERT INTO description_to_amenities (description_id, amenities_id) VALUES (12, 14);
INSERT INTO description_to_amenities (description_id, amenities_id) VALUES (49, 2);
INSERT INTO description_to_amenities (description_id, amenities_id) VALUES (96, 7);
INSERT INTO description_to_amenities (description_id, amenities_id) VALUES (2, 22);
INSERT INTO description_to_amenities (description_id, amenities_id) VALUES (35, 12);
INSERT INTO description_to_amenities (description_id, amenities_id) VALUES (61, 19);
INSERT INTO description_to_amenities (description_id, amenities_id) VALUES (78, 1);
INSERT INTO description_to_amenities (description_id, amenities_id) VALUES (82, 23);
INSERT INTO description_to_amenities (description_id, amenities_id) VALUES (42, 19);
INSERT INTO description_to_amenities (description_id, amenities_id) VALUES (9, 20);
INSERT INTO description_to_amenities (description_id, amenities_id) VALUES (68, 13);
INSERT INTO description_to_amenities (description_id, amenities_id) VALUES (10, 18);
INSERT INTO description_to_amenities (description_id, amenities_id) VALUES (50, 6);
INSERT INTO description_to_amenities (description_id, amenities_id) VALUES (25, 17);
INSERT INTO description_to_amenities (description_id, amenities_id) VALUES (6, 14);
INSERT INTO description_to_amenities (description_id, amenities_id) VALUES (43, 19);
INSERT INTO description_to_amenities (description_id, amenities_id) VALUES (44, 4);
INSERT INTO description_to_amenities (description_id, amenities_id) VALUES (5, 19);
INSERT INTO description_to_amenities (description_id, amenities_id) VALUES (22, 12);
INSERT INTO description_to_amenities (description_id, amenities_id) VALUES (64, 19);
INSERT INTO description_to_amenities (description_id, amenities_id) VALUES (73, 3);
INSERT INTO description_to_amenities (description_id, amenities_id) VALUES (11, 14);
INSERT INTO description_to_amenities (description_id, amenities_id) VALUES (77, 13);
INSERT INTO description_to_amenities (description_id, amenities_id) VALUES (36, 5);
INSERT INTO description_to_amenities (description_id, amenities_id) VALUES (50, 11);
INSERT INTO description_to_amenities (description_id, amenities_id) VALUES (44, 2);
INSERT INTO description_to_amenities (description_id, amenities_id) VALUES (89, 15);
INSERT INTO description_to_amenities (description_id, amenities_id) VALUES (34, 7);
INSERT INTO description_to_amenities (description_id, amenities_id) VALUES (78, 24);
INSERT INTO description_to_amenities (description_id, amenities_id) VALUES (3, 24);
INSERT INTO description_to_amenities (description_id, amenities_id) VALUES (82, 7);
INSERT INTO description_to_amenities (description_id, amenities_id) VALUES (53, 11);
INSERT INTO description_to_amenities (description_id, amenities_id) VALUES (29, 2);
INSERT INTO description_to_amenities (description_id, amenities_id) VALUES (81, 23);
INSERT INTO description_to_amenities (description_id, amenities_id) VALUES (91, 11);
INSERT INTO description_to_amenities (description_id, amenities_id) VALUES (10, 25);
INSERT INTO description_to_amenities (description_id, amenities_id) VALUES (88, 16);
INSERT INTO description_to_amenities (description_id, amenities_id) VALUES (35, 10);
INSERT INTO description_to_amenities (description_id, amenities_id) VALUES (5, 21);
INSERT INTO description_to_amenities (description_id, amenities_id) VALUES (27, 14);
INSERT INTO description_to_amenities (description_id, amenities_id) VALUES (40, 24);
INSERT INTO description_to_amenities (description_id, amenities_id) VALUES (99, 3);
INSERT INTO description_to_amenities (description_id, amenities_id) VALUES (65, 2);
INSERT INTO description_to_amenities (description_id, amenities_id) VALUES (59, 21);
INSERT INTO description_to_amenities (description_id, amenities_id) VALUES (77, 20);
INSERT INTO description_to_amenities (description_id, amenities_id) VALUES (83, 21);
INSERT INTO description_to_amenities (description_id, amenities_id) VALUES (73, 20);
INSERT INTO description_to_amenities (description_id, amenities_id) VALUES (64, 7);
INSERT INTO description_to_amenities (description_id, amenities_id) VALUES (43, 22);
INSERT INTO description_to_amenities (description_id, amenities_id) VALUES (100, 9);
INSERT INTO description_to_amenities (description_id, amenities_id) VALUES (49, 25);
INSERT INTO description_to_amenities (description_id, amenities_id) VALUES (67, 25);
INSERT INTO description_to_amenities (description_id, amenities_id) VALUES (6, 11);
INSERT INTO description_to_amenities (description_id, amenities_id) VALUES (7, 15);
INSERT INTO description_to_amenities (description_id, amenities_id) VALUES (48, 23);
INSERT INTO description_to_amenities (description_id, amenities_id) VALUES (58, 23);
INSERT INTO description_to_amenities (description_id, amenities_id) VALUES (99, 19);
INSERT INTO description_to_amenities (description_id, amenities_id) VALUES (55, 22);
INSERT INTO description_to_amenities (description_id, amenities_id) VALUES (24, 25);

-- description_to_rules
INSERT INTO description_to_house_rules (description_id, house_rules_id) VALUES (52, 1);
INSERT INTO description_to_house_rules (description_id, house_rules_id) VALUES (28, 7);
INSERT INTO description_to_house_rules (description_id, house_rules_id) VALUES (99, 6);
INSERT INTO description_to_house_rules (description_id, house_rules_id) VALUES (21, 5);
INSERT INTO description_to_house_rules (description_id, house_rules_id) VALUES (66, 5);
INSERT INTO description_to_house_rules (description_id, house_rules_id) VALUES (57, 2);
INSERT INTO description_to_house_rules (description_id, house_rules_id) VALUES (81, 4);
INSERT INTO description_to_house_rules (description_id, house_rules_id) VALUES (34, 1);
INSERT INTO description_to_house_rules (description_id, house_rules_id) VALUES (70, 7);
INSERT INTO description_to_house_rules (description_id, house_rules_id) VALUES (74, 4);
INSERT INTO description_to_house_rules (description_id, house_rules_id) VALUES (70, 8);
INSERT INTO description_to_house_rules (description_id, house_rules_id) VALUES (67, 7);
INSERT INTO description_to_house_rules (description_id, house_rules_id) VALUES (74, 8);
INSERT INTO description_to_house_rules (description_id, house_rules_id) VALUES (33, 2);
INSERT INTO description_to_house_rules (description_id, house_rules_id) VALUES (70, 9);
INSERT INTO description_to_house_rules (description_id, house_rules_id) VALUES (89, 8);
INSERT INTO description_to_house_rules (description_id, house_rules_id) VALUES (76, 3);
INSERT INTO description_to_house_rules (description_id, house_rules_id) VALUES (84, 1);
INSERT INTO description_to_house_rules (description_id, house_rules_id) VALUES (66, 3);
INSERT INTO description_to_house_rules (description_id, house_rules_id) VALUES (20, 1);
INSERT INTO description_to_house_rules (description_id, house_rules_id) VALUES (30, 4);
INSERT INTO description_to_house_rules (description_id, house_rules_id) VALUES (65, 7);
INSERT INTO description_to_house_rules (description_id, house_rules_id) VALUES (75, 3);
INSERT INTO description_to_house_rules (description_id, house_rules_id) VALUES (96, 3);
INSERT INTO description_to_house_rules (description_id, house_rules_id) VALUES (74, 5);
INSERT INTO description_to_house_rules (description_id, house_rules_id) VALUES (70, 7);
INSERT INTO description_to_house_rules (description_id, house_rules_id) VALUES (91, 4);
INSERT INTO description_to_house_rules (description_id, house_rules_id) VALUES (64, 8);
INSERT INTO description_to_house_rules (description_id, house_rules_id) VALUES (58, 5);
INSERT INTO description_to_house_rules (description_id, house_rules_id) VALUES (54, 5);
INSERT INTO description_to_house_rules (description_id, house_rules_id) VALUES (55, 1);
INSERT INTO description_to_house_rules (description_id, house_rules_id) VALUES (15, 1);
INSERT INTO description_to_house_rules (description_id, house_rules_id) VALUES (83, 4);
INSERT INTO description_to_house_rules (description_id, house_rules_id) VALUES (55, 9);
INSERT INTO description_to_house_rules (description_id, house_rules_id) VALUES (53, 1);
INSERT INTO description_to_house_rules (description_id, house_rules_id) VALUES (40, 6);
INSERT INTO description_to_house_rules (description_id, house_rules_id) VALUES (97, 2);
INSERT INTO description_to_house_rules (description_id, house_rules_id) VALUES (70, 5);
INSERT INTO description_to_house_rules (description_id, house_rules_id) VALUES (53, 2);
INSERT INTO description_to_house_rules (description_id, house_rules_id) VALUES (13, 3);
INSERT INTO description_to_house_rules (description_id, house_rules_id) VALUES (87, 7);
INSERT INTO description_to_house_rules (description_id, house_rules_id) VALUES (67, 8);
INSERT INTO description_to_house_rules (description_id, house_rules_id) VALUES (3, 1);
INSERT INTO description_to_house_rules (description_id, house_rules_id) VALUES (91, 1);
INSERT INTO description_to_house_rules (description_id, house_rules_id) VALUES (72, 9);
INSERT INTO description_to_house_rules (description_id, house_rules_id) VALUES (11, 4);
INSERT INTO description_to_house_rules (description_id, house_rules_id) VALUES (39, 8);
INSERT INTO description_to_house_rules (description_id, house_rules_id) VALUES (49, 7);
INSERT INTO description_to_house_rules (description_id, house_rules_id) VALUES (52, 1);
INSERT INTO description_to_house_rules (description_id, house_rules_id) VALUES (53, 8);
INSERT INTO description_to_house_rules (description_id, house_rules_id) VALUES (87, 8);
INSERT INTO description_to_house_rules (description_id, house_rules_id) VALUES (1, 9);
INSERT INTO description_to_house_rules (description_id, house_rules_id) VALUES (40, 3);
INSERT INTO description_to_house_rules (description_id, house_rules_id) VALUES (11, 5);
INSERT INTO description_to_house_rules (description_id, house_rules_id) VALUES (57, 7);
INSERT INTO description_to_house_rules (description_id, house_rules_id) VALUES (2, 4);
INSERT INTO description_to_house_rules (description_id, house_rules_id) VALUES (74, 6);
INSERT INTO description_to_house_rules (description_id, house_rules_id) VALUES (24, 3);
INSERT INTO description_to_house_rules (description_id, house_rules_id) VALUES (43, 8);
INSERT INTO description_to_house_rules (description_id, house_rules_id) VALUES (13, 1);
INSERT INTO description_to_house_rules (description_id, house_rules_id) VALUES (84, 2);
INSERT INTO description_to_house_rules (description_id, house_rules_id) VALUES (62, 9);
INSERT INTO description_to_house_rules (description_id, house_rules_id) VALUES (38, 7);
INSERT INTO description_to_house_rules (description_id, house_rules_id) VALUES (10, 5);
INSERT INTO description_to_house_rules (description_id, house_rules_id) VALUES (74, 4);
INSERT INTO description_to_house_rules (description_id, house_rules_id) VALUES (2, 5);
INSERT INTO description_to_house_rules (description_id, house_rules_id) VALUES (1, 4);
INSERT INTO description_to_house_rules (description_id, house_rules_id) VALUES (78, 3);
INSERT INTO description_to_house_rules (description_id, house_rules_id) VALUES (50, 6);
INSERT INTO description_to_house_rules (description_id, house_rules_id) VALUES (85, 9);
INSERT INTO description_to_house_rules (description_id, house_rules_id) VALUES (15, 6);
INSERT INTO description_to_house_rules (description_id, house_rules_id) VALUES (28, 9);
INSERT INTO description_to_house_rules (description_id, house_rules_id) VALUES (29, 4);
INSERT INTO description_to_house_rules (description_id, house_rules_id) VALUES (25, 2);
INSERT INTO description_to_house_rules (description_id, house_rules_id) VALUES (99, 1);
INSERT INTO description_to_house_rules (description_id, house_rules_id) VALUES (84, 7);
INSERT INTO description_to_house_rules (description_id, house_rules_id) VALUES (89, 4);
INSERT INTO description_to_house_rules (description_id, house_rules_id) VALUES (62, 8);
INSERT INTO description_to_house_rules (description_id, house_rules_id) VALUES (90, 1);
INSERT INTO description_to_house_rules (description_id, house_rules_id) VALUES (17, 4);
INSERT INTO description_to_house_rules (description_id, house_rules_id) VALUES (43, 9);
INSERT INTO description_to_house_rules (description_id, house_rules_id) VALUES (85, 8);
INSERT INTO description_to_house_rules (description_id, house_rules_id) VALUES (63, 7);
INSERT INTO description_to_house_rules (description_id, house_rules_id) VALUES (1, 5);
INSERT INTO description_to_house_rules (description_id, house_rules_id) VALUES (59, 9);
INSERT INTO description_to_house_rules (description_id, house_rules_id) VALUES (50, 1);
INSERT INTO description_to_house_rules (description_id, house_rules_id) VALUES (54, 7);
INSERT INTO description_to_house_rules (description_id, house_rules_id) VALUES (66, 5);
INSERT INTO description_to_house_rules (description_id, house_rules_id) VALUES (82, 4);
INSERT INTO description_to_house_rules (description_id, house_rules_id) VALUES (14, 7);
INSERT INTO description_to_house_rules (description_id, house_rules_id) VALUES (97, 6);
INSERT INTO description_to_house_rules (description_id, house_rules_id) VALUES (78, 7);
INSERT INTO description_to_house_rules (description_id, house_rules_id) VALUES (95, 9);
INSERT INTO description_to_house_rules (description_id, house_rules_id) VALUES (36, 9);
INSERT INTO description_to_house_rules (description_id, house_rules_id) VALUES (10, 7);
INSERT INTO description_to_house_rules (description_id, house_rules_id) VALUES (20, 2);
INSERT INTO description_to_house_rules (description_id, house_rules_id) VALUES (19, 1);
INSERT INTO description_to_house_rules (description_id, house_rules_id) VALUES (43, 1);
INSERT INTO description_to_house_rules (description_id, house_rules_id) VALUES (99, 5);
INSERT INTO description_to_house_rules (description_id, house_rules_id) VALUES (45, 5);



-- --amenity
--   --Basic
    -- Wifi
    -- Air conditioning
    -- Indoor fireplace
    -- Dryer
    -- Washer
    -- Laptop friendly workplace
    -- TV
    -- Iron
    -- Essentials 
    -- Heating

  -- Facilities
  --   Free parking on premises
  --   Elevator
  --   Pool
  --   Hot tub
  --   Gym

  -- Dining
  --   Kitchen
  --   Breakfast

  -- Guest access
  --   Private entrance

  -- Bed and bath
  --   Hangers
  --   Hair Dryer
  --   Shampoo

  -- Safety features
  --   First aid kit
  --   Fire extinguisher
  --   Carbon monoxide detector
  --   Smoke detector


-- --guest check in
--   -- from: flexible - 1AM
--   -- to: flexible - 2AM
-- 
-- -- stay
--   --min: no min
--   --max: no max


-- SELECT  FROM description, amenities, rules, description_to_amenities, description_to_house_rules 
-- JOIN description ON description_to_amenities
-- WHERE description.id = description_to_amenities.description_id
-- JOIN description_to_amenities ON amenities  
-- WHERE description_to_amenities.id = amenities.id
-- JOIN description ON description_to_house_rules
-- WHERE description.id = description_to_house_rules.description_id
-- JOIN description_to_house_rules ON house_rules
-- WHERE description_to_house_rules.house_rules_id = house_rules.id